1,-1,-1,0,3,5,0,-1
0,-1,-5,-7,-12,-4,0,4
0,0,0,9,4,-16,-2,1
-2,-6,1,-4,-3,10,-1,-3
0,5,13,27,21,-20,0,-3
-1,-3,-6,-3,5,-3,-2,0
-1,-5,0,-2,1,7,0,0
0,5,4,7,2,-10,2,2
2,0,-1,1,1,-5,-2,0
-3,0,3,6,11,-15,-1,-5
-3,1,-5,4,7,2,-2,0
0,-1,2,-3,0,-4,-1,-3
0,3,-3,-26,-27,1,-2,-3
-1,0,1,0,-1,0,0,-1
2,3,8,10,12,-8,0,-2
-3,-5,-16,-18,-13,15,-1,-3
0,-2,0,6,5,-3,-1,-1
-1,-4,-1,-14,-11,15,-3,1
-1,2,1,6,1,-4,2,-4
1,2,2,7,4,-20,-1,3
-1,-2,-1,-5,1,3,2,1
-2,-1,2,0,0,10,1,-5
-2,-1,0,-3,-4,5,-1,2
-1,0,0,7,3,-5,0,-2
-3,-2,0,-4,-2,-2,0,-1
0,2,-3,-3,1,-1,2,2
0,-1,-2,-5,-8,-3,-1,1
-7,-3,-5,-19,-15,7,-2,-7
-2,-1,-4,-11,-15,1,-1,-1
-2,-1,4,5,3,-7,-4,-4
1,-10,-20,-40,-33,21,-2,2
2,-2,-2,-10,-7,-5,-1,-1
-2,-1,0,6,10,6,2,-2
-3,2,7,6,-5,5,-2,-5
-1,6,-1,0,7,-4,1,0
2,-1,-4,-7,-9,1,-2,4
-1,2,3,9,1,6,-3,0
-3,-13,-16,-23,-2,-1,1,1
1,3,9,21,10,-15,-2,-3
1,-1,-6,-11,-6,-8,-1,1
0,2,12,26,14,-18,-1,1
-1,4,1,10,6,2,1,1
0,0,-1,-12,-14,6,-2,1
2,-2,2,0,5,5,3,0
2,-3,-8,-3,1,4,0,0
6,3,2,6,3,0,2,5
1,0,3,10,16,-4,-1,-1
4,3,4,17,4,5,-2,4
-5,-6,-9,-20,-10,6,-1,-1
-5,-2,0,-5,-6,2,-3,-1
0,-5,2,10,9,-4,2,1
-2,4,10,23,8,-1,-4,-3
5,-11,-32,-43,-15,23,0,6
0,-1,2,-1,-1,1,1,0
0,-1,2,-1,-1,-1,-1,-2
-1,0,4,10,8,-8,1,-3
-1,2,1,7,0,-7,0,-1
2,-1,-5,-5,-2,-1,-2,1
1,2,3,7,5,-1,2,-3
-4,-5,-6,-8,-5,1,-1,-1
-4,0,6,8,4,-4,-2,-3
0,0,-2,-1,-1,2,-2,-2
-2,0,-2,-12,-10,3,-1,0
2,1,-2,0,6,4,-3,2
0,0,7,0,2,-2,1,-2
2,1,4,8,1,-7,-1,-3
1,-2,-7,-5,4,0,2,-1
-1,1,-4,-12,-9,2,2,2
-1,-1,2,2,-1,-3,0,0
1,1,1,1,-1,3,0,0
-4,0,2,8,3,0,-1,2
-2,-5,-7,-8,-2,6,-1,1
1,4,3,-4,-7,-3,-1,-2
-1,-3,-2,0,1,-1,-2,1
-1,-2,-4,-4,-5,3,-1,-3
1,1,1,-6,-3,2,2,2
-1,1,-1,-3,-5,-1,-4,-3
-2,-3,-1,-1,-2,1,0,-3
0,0,-2,-1,-1,0,-1,1
-2,-1,4,13,8,-2,1,-1
1,-1,-2,-4,-2,-2,0,-2
-1,-2,-4,-4,0,0,-1,-1
-5,2,12,10,5,-3,-1,-2
1,-2,-11,-14,-8,2,-1,2
1,1,-1,5,5,-1,0,2
-2,-2,-2,-1,-4,-4,2,-4
-1,-4,-3,4,3,-5,-1,-4
1,5,3,3,1,1,-3,-4
-1,-2,0,3,2,-3,0,1
2,0,-1,-4,0,2,0,1
-1,0,-3,-2,-3,-1,0,-4
-1,-3,-2,3,2,0,3,-1
1,0,2,2,3,0,-1,0
-4,-1,2,6,2,-4,1,-1
-1,-1,-5,-9,-8,-5,-2,-5
-4,-3,3,2,4,0,0,-2
-2,0,1,2,2,-8,1,0
-2,-2,1,1,-2,1,-1,2
1,-2,-2,-4,0,3,-2,0
1,-1,-1,-5,-2,-5,-2,-3
-3,0,2,2,0,-1,0,-2
1,1,-3,3,3,-1,-1,-1
-2,1,0,-1,0,0,-1,0
1,-3,-2,3,3,3,0,5
-2,-1,3,2,2,-4,-3,-4
0,-2,-5,-12,-8,4,-1,0
0,-2,-4,-3,-11,4,0,2
-1,-1,0,-1,-1,-2,0,-1
2,1,2,7,4,2,1,0
-1,-1,1,-3,-3,4,-3,-2
3,-5,-2,0,3,1,-2,-1
-1,3,1,-1,0,0,-1,0
-1,2,-4,0,-1,1,1,1
2,0,2,3,-1,-1,-3,-2
-2,2,1,-2,1,3,1,2
0,-2,-1,-3,-3,3,-1,-2
2,1,1,1,0,1,-1,2
-1,0,-1,1,3,-2,0,0
-1,1,4,6,0,2,1,1
-4,-2,-4,-2,-1,5,0,0
1,-4,-1,-9,-5,1,-1,1
-2,-2,-4,-5,-4,5,0,0
0,2,2,4,7,0,-1,-1
-1,1,-1,4,-1,-2,-1,-2
1,1,-1,0,-1,3,0,0
-2,0,1,-2,1,0,1,-1
2,-2,0,4,5,2,1,1
-2,0,1,0,-5,5,0,-1
1,0,-4,-11,-8,-3,-2,-2
2,-2,-2,2,3,3,-1,1
-3,-3,-2,-3,-2,-1,0,-1
0,0,3,5,-1,1,-2,-5
-1,-3,-9,-10,-6,3,0,3
2,2,2,0,2,-1,0,2
-1,-3,0,-3,0,-2,-2,-1
1,-1,-1,-3,-1,-2,1,1
-2,2,0,1,-2,5,-2,-1
-1,-1,-3,4,0,-1,-1,0
1,1,-4,0,-2,0,-1,3
4,0,0,1,4,0,0,1
-4,0,3,-2,3,1,-1,-2
0,0,2,-10,-4,-1,-2,-2
2,0,-4,-3,-6,2,-1,-1
1,-2,-3,-3,-1,-1,0,-1
1,-2,-1,0,0,-2,-1,0
-4,0,0,0,-3,-1,1,-2
0,-1,2,5,8,0,1,0
3,4,-2,-15,-12,-2,-1,5
-1,-4,-2,0,-1,-4,0,-2
-2,-2,4,7,7,-5,-2,-2
1,-1,-3,-6,-10,0,-2,5
-1,0,-3,5,1,4,1,-1
0,-2,1,3,2,-5,1,-3
0,0,-1,5,5,2,3,-4
1,0,0,0,0,-8,-3,0
-3,-1,-1,3,0,-7,-3,-3
-1,0,-1,-5,-1,0,1,0
0,-2,-3,6,5,4,-1,-2
-2,1,3,2,3,4,0,0
-6,-3,-2,2,-1,-3,-1,-1
-4,0,4,4,5,0,-1,-5
3,-1,-6,-10,-12,2,-5,7
1,1,-4,5,-2,-2,4,1
2,1,4,2,7,-1,1,3
0,-1,2,7,9,7,7,-1
-2,0,9,8,2,-10,3,-3
-1,-1,-10,-22,-16,-6,-13,-2
-3,-3,-4,-8,-5,8,19,-2
-1,1,-2,5,5,-6,-28,-7
-3,-5,-10,-19,-8,13,-3,-1
-2,-1,5,3,-7,-6,4,-5
1,1,3,12,5,0,-7,0
2,-1,-2,-10,-9,6,1,2
0,-2,-6,0,6,-2,4,1
-3,3,5,-1,-9,-2,-3,-3
-1,-4,1,-2,0,0,-2,-1
1,-6,-8,2,3,17,-1,2
2,4,3,-1,2,0,2,3
-1,-1,-7,-11,-7,-15,2,-9
-2,-4,1,-4,-9,1,-5,-3
1,3,0,-14,-17,4,-1,-1
-1,0,3,15,8,8,5,6
2,-4,-3,-9,16,25,5,6
0,2,-5,-4,-16,-14,-20,-13
-3,-1,1,18,12,-40,-6,-2
-2,-3,-8,-24,-17,36,3,-2
1,-3,-2,9,2,-26,4,-1
-2,-2,-7,-6,7,2,-4,-5
4,-1,0,-4,3,27,10,9
2,0,-4,-8,-10,-8,-3,2
0,-3,2,13,21,32,26,11
-2,-3,2,3,-8,-12,-7,-11
-4,-2,-4,0,0,31,5,1
3,1,2,-13,-6,-39,-3,0
-1,-5,-8,-18,-15,8,2,-2
0,2,1,17,14,-3,3,8
3,-3,-13,-38,-21,-26,-14,-1
-9,-8,-4,5,2,12,-1,-10
1,-3,-5,-17,-14,7,-7,3
4,4,9,24,26,7,10,5
-2,1,3,8,-18,-49,-20,-10
3,0,-4,-19,-10,7,3,4
0,2,4,8,1,-16,-12,-3
-4,-7,-2,-6,8,43,13,4
-1,3,3,0,-11,-2,-9,-4
1,2,2,1,-6,-29,-1,-2
-3,0,2,8,0,-1,-12,-5
3,-2,-9,-20,-14,11,-3,9
0,-1,4,11,17,12,12,2
-1,0,-5,-5,-5,-9,-4,1
1,2,1,14,6,5,-2,3
1,2,0,-16,-5,-12,1,-1
-3,1,1,7,6,-7,1,-3
3,0,4,18,11,22,2,-2
0,2,1,-2,0,-2,1,-1
0,-1,-4,3,4,-5,-2,0
2,-2,-1,-8,-6,9,8,6
-1,-1,-3,-4,5,18,-1,-3
2,1,4,10,14,13,2,-1
1,4,3,7,-6,-31,-9,-5
1,1,1,13,9,21,11,0
-2,-1,2,-7,-8,-1,-5,5
-1,-2,-2,-2,-6,-5,1,-1
-4,0,1,2,6,-5,-5,-1
6,0,-1,-3,14,49,32,16
-6,5,0,-5,-19,-54,-15,-14
-5,-10,-10,-16,8,11,-2,-4
4,-4,-1,-4,-1,30,5,6
-2,1,0,8,1,-25,4,2
-2,5,14,32,9,-5,-7,-10
5,4,-2,-18,-3,12,6,6
4,5,8,15,6,-8,7,9
-7,-3,4,9,10,17,6,-8
3,-8,-12,-23,-7,27,2,7
-2,1,-4,2,-5,-15,5,-1
-3,-5,-3,-4,-17,-75,-9,-12
-6,1,8,14,-4,1,-9,-2
7,-3,-27,-41,-26,-56,-10,7
-2,-3,4,16,8,16,-3,-6
4,1,2,-2,13,47,17,6
1,0,1,0,-5,-26,-19,-2
1,2,-3,4,0,6,-2,-5
-7,-7,-1,8,9,6,-8,-6
0,-5,-7,-20,-15,-10,4,1
2,9,2,-7,-10,-29,-30,-6
-4,-1,10,12,20,34,14,-2
0,2,-2,-6,-17,-23,-9,-1
-6,-1,-2,6,-2,-2,-13,-14
-3,-12,-20,-24,-17,-6,-1,1
0,6,14,24,15,15,16,-2
-2,-8,-11,-9,-10,-1,-6,1
-3,-10,-9,-15,-10,-13,-20,-8
5,-1,-4,1,6,13,13,4
-3,-4,-2,0,7,10,-1,-2
0,-1,0,10,-3,-8,16,6
0,9,6,10,23,23,15,2
0,5,10,1,-14,-33,-14,-11
1,-1,5,-15,-11,1,-6,-8
1,-1,-3,-12,23,63,27,21
-9,-5,-4,4,-36,-89,-45,-19
-1,0,-10,24,36,39,18,-6
7,0,1,-23,-22,-31,0,27
-6,4,5,21,16,35,10,-2
12,14,11,-11,-10,-15,-15,4
-16,-13,-18,-16,-34,-46,-4,-16
1,-4,-8,-13,-1,49,-2,0
6,4,9,12,18,-47,-5,3
-7,-3,5,-16,-25,-24,-3,-7
5,-4,-6,-13,19,82,12,14
-10,-9,-32,-41,-51,-60,-3,-11
-2,-6,1,-2,4,-1,-19,-12
0,-2,-6,-3,-20,23,9,-3
7,9,19,37,20,5,7,5
6,6,6,6,-3,-1,-3,8
-5,-9,-6,6,18,-8,6,2
-6,-5,-12,-11,6,65,5,-1
9,1,-9,-34,-56,-38,2,15
3,7,16,29,32,-18,-18,-8
1,6,3,17,19,34,-8,-8
14,13,20,36,26,-70,34,36
-4,-4,-8,-22,-9,-21,-12,-9
0,-5,-3,9,22,35,-5,-1
1,5,1,-15,-15,-16,5,-2
-5,-9,-7,-9,4,-1,-7,-3
2,5,2,-10,-9,5,11,4
-5,-4,7,19,-3,-27,5,3
1,1,-1,9,17,26,-9,2
-3,-4,-6,-30,-10,39,5,-2
7,4,8,25,10,-76,-3,13
-2,2,2,-6,-6,45,10,-8
-4,-7,0,16,-20,-29,-7,-1
-4,-1,-14,-18,1,30,13,-4
-4,-9,-5,-11,10,-22,-12,4
-5,-3,0,38,32,16,12,-6
2,7,0,-23,-26,-11,-2,-3
-3,-1,-6,14,-7,-41,-24,-14
-3,-3,9,3,14,56,13,5
5,2,1,12,22,27,12,14
0,3,-4,-26,-49,-71,-18,-9
8,2,1,13,37,89,18,11
-3,-4,5,21,6,-70,-17,-6
-15,-8,1,15,10,1,1,-21
2,-1,-17,-69,-25,-4,-13,5
-4,-3,9,35,30,12,3,-6
4,7,11,13,7,25,-1,1
4,-1,3,22,15,68,27,15
9,10,1,-2,-31,-52,-15,3
-3,1,4,-10,8,18,-3,-5
-4,-5,-8,-18,-8,20,6,-4
6,-2,-7,4,22,24,4,3
-4,-7,-9,-24,-31,-25,-15,-8
4,4,3,15,10,-14,18,15
-2,3,5,11,5,38,-2,-7
4,4,-1,-6,11,-90,13,17
-7,-4,1,7,-15,-66,-23,-25
-3,-7,-8,-31,-8,0,-14,-7
4,4,-1,13,6,-23,1,0
-1,2,-11,-29,-28,33,-7,2
-3,2,17,34,31,-14,17,10
-6,-7,-19,-39,-38,-43,-22,-17
-1,-3,-4,2,26,91,5,5
4,6,2,-24,-55,-91,1,-1
-9,-10,-2,10,39,62,4,-11
4,2,5,-28,-13,28,4,6
-1,-1,-6,26,3,-33,-15,-1
-4,0,11,5,24,23,6,-5
-2,5,16,51,21,49,11,-5
6,-14,-18,-2,3,-40,10,18
-2,4,7,9,-3,-1,-4,1
0,-4,-9,-25,-13,-55,-18,-5
-1,-1,-10,12,9,3,0,-7
3,1,9,-9,8,40,5,1
-6,-3,9,38,24,19,35,9
-3,-11,-26,-44,-48,10,-29,-6
1,0,-8,-17,-3,21,12,4
-4,2,-4,13,-34,-49,-17,-8
-1,-5,-2,-23,23,24,7,9
-6,3,4,-4,-19,-54,-15,-19
-4,-7,7,-2,23,42,20,13
0,6,12,33,19,56,14,10
-7,-4,-23,-40,-53,-82,-33,-33
1,-1,9,38,36,66,6,6
5,-3,-9,-41,-62,-66,1,8
-7,-8,-16,-8,35,34,-10,-5
-6,-10,-2,-12,-9,-31,5,-2
-2,7,12,23,9,-30,-16,-11
-2,-4,-1,-16,7,18,-14,-3
4,2,7,22,23,45,7,9
-9,4,-2,-29,-23,15,-10,-25
6,-3,2,35,8,-40,-13,4
6,5,-6,-24,-6,-5,-6,4
-14,-8,11,4,-12,-24,6,-15
5,-3,-8,-16,-6,15,-16,-7
1,4,7,26,21,27,14,5
2,8,11,24,-4,-33,-10,3
-2,3,5,33,39,-11,33,10
-10,-22,-45,-77,-58,-48,-46,-28
2,1,7,17,33,55,11,1
0,-6,-4,20,20,-7,15,14
2,3,-2,3,-12,-29,-23,-18
4,4,13,24,-4,7,18,17
8,4,3,-1,0,-43,12,20
-11,-12,-26,-42,-18,18,-25,-29
15,9,22,49,24,5,16,24
4,4,-3,-18,-17,-35,-4,7
-12,-13,-16,-9,2,28,6,-12
2,-1,8,22,22,-3,9,7
-7,-1,-10,-39,-40,-57,-28,-22
2,3,20,52,46,59,19,10
9,-1,0,-18,4,38,15,24
-9,-6,-21,-40,-50,-36,-36,-30
2,4,-2,7,12,31,10,6
-4,-4,-10,-10,-5,-10,-8,-11
0,4,8,8,2,20,-8,1
9,6,11,41,5,2,2,7
-3,-3,-7,-45,-31,-8,0,2
3,1,4,11,1,6,4,-1
-3,-9,-15,-18,-2,9,-4,1
4,10,25,39,4,-36,15,5
-7,-6,-8,-20,5,-1,-22,-15
2,4,9,29,15,44,15,11
-7,-1,-9,-50,-35,-27,-15,-11
4,2,11,41,43,30,10,6
2,-2,-2,-10,-35,-23,-7,-6
-2,3,-7,-28,-6,-3,0,0
-4,-2,1,13,1,-10,-7,-7
-7,-4,-8,-11,-2,24,-4,-3
-9,-5,2,10,5,6,3,3
4,-1,1,-9,-5,-15,1,0
1,1,1,0,-13,-12,0,-7
2,1,-4,-22,-10,-5,2,2
3,0,-8,-23,-9,14,-3,4
5,5,9,15,7,-9,3,6
-12,-3,-5,3,-3,-9,-5,-10
2,2,5,-1,5,31,2,5
0,-6,-12,-9,-9,-10,2,3
1,2,5,3,-2,-9,1,-2
-4,-1,-1,-2,7,1,-4,-3
0,-2,-6,-4,5,9,3,2
2,3,7,15,-4,-15,-3,-3
-1,2,-1,-2,0,1,3,1
-3,-6,-2,-3,-3,-1,-6,-3
-2,1,1,4,19,1,2,0
1,0,0,7,24,-4,-1,-2
-1,-2,0,-4,1,3,-1,-2
-4,-3,-1,-2,-14,-7,-4,-5
7,1,-1,-4,-26,5,1,4
-8,-2,0,2,-25,4,1,0
2,0,-1,1,-10,0,0,0
4,3,2,11,-9,-8,-1,0
2,-3,-9,-39,-7,9,2,5
2,1,0,9,5,3,0,-2
-5,0,4,21,16,-3,1,0
3,3,-3,-17,0,-2,-2,-1
5,-1,0,10,17,9,2,4
-6,1,0,-1,5,-4,-3,-8
-1,-2,-1,3,10,-3,0,2
8,4,2,-9,2,-2,-1,6
-12,-5,-5,8,11,2,-4,-6
-1,-4,-4,-10,-10,-4,-2,-4
4,0,-2,-5,2,3,2,3
2,0,3,9,5,2,-1,-1
-2,-2,-3,-9,-6,0,0,2
1,1,-1,2,-2,-5,-2,0
0,0,1,-1,3,2,0,-2
-6,-6,-6,-6,-7,1,-1,2
-7,0,-1,1,-2,5,0,-5
3,3,7,14,6,-2,1,-2
8,-1,-6,-14,-10,-6,0,3
-5,0,-2,3,2,-5,-1,-2
-2,-1,4,14,6,1,1,-3
6,2,2,11,1,-1,1,7
-15,-4,-6,-16,-2,4,-4,-6
2,3,8,15,3,2,1,0
-3,-10,-25,-65,-33,-5,-6,-1
1,0,6,19,13,0,-1,0
3,0,5,14,0,-5,0,0
4,0,1,4,4,1,-10,2
12,3,-2,-7,-8,1,10,7
-31,-12,-18,-35,-9,2,-7,-17
3,-2,0,3,2,2,-2,5
-2,2,7,24,13,-1,1,-7
13,3,9,2,0,-2,0,3
2,-2,-4,16,3,3,-3,8
-11,-5,-9,-20,0,-5,-1,-11
3,0,-2,6,6,3,1,2
0,4,7,34,9,-1,0,-1
12,11,25,52,32,2,7,2
-9,-12,-22,-74,-44,-5,-2,3
-9,-4,-10,-3,-4,6,-2,0
-9,-2,-6,-26,-20,-4,-1,-8
2,0,3,0,3,3,-1,2
11,6,14,43,13,-4,1,4
2,-2,-5,-25,-16,-4,-2,0
-2,0,2,14,8,3,-1,1
1,2,3,11,0,-4,-3,-2
-2,-2,2,18,14,1,-1,-1
-2,0,-5,-28,-9,-3,5,-2
-3,-2,-1,5,7,5,-3,-3
6,1,-5,-16,-15,-6,-2,2
-1,1,2,9,11,2,1,-4
-1,-2,-3,0,-3,-4,-3,-5
-2,3,6,14,9,-1,-2,-1
0,-4,-11,-24,-16,2,0,2
-3,2,3,17,3,-1,-1,1
0,1,7,15,6,-2,2,-2
-3,-5,-6,-8,-5,-2,-5,-3
-1,0,3,14,6,-2,0,0
-1,-3,-12,-28,-19,-1,-6,0
2,0,7,21,14,-1,3,1
2,-1,-12,-20,-16,2,-2,7
-6,-7,-8,-12,3,-3,1,-6
2,4,7,27,13,1,-1,-4
0,0,-4,-14,-8,-5,-1,-2
-3,2,8,26,12,1,-1,-2
5,1,3,11,-1,-1,-1,3
-9,-7,-15,-33,-18,-2,-2,-4
4,1,4,23,10,1,-1,-2
-1,-3,-8,-28,-7,7,-4,-2
-1,-3,-3,1,2,0,4,2
0,5,9,12,3,2,-1,-3
-2,-8,-7,-15,-3,2,-1,-1
1,-2,1,11,7,-3,-1,-2
1,1,3,-7,-3,-4,-2,-1
0,-10,-9,2,6,7,1,6
0,3,0,-16,-11,-4,-3,-3
-6,-1,7,-3,12,0,5,-3
7,-6,-14,15,-8,6,-6,9
1,5,2,-20,-6,-6,1,-3
-2,-3,-1,16,8,0,-5,-4
5,2,7,12,5,-1,7,-1
-2,0,-4,-20,0,-7,-16,-4
-6,-3,6,34,13,2,13,-3
5,0,-13,-29,-22,9,5,12
-1,3,6,16,3,-7,-12,-5
-2,2,5,20,11,6,8,1
7,-1,-15,-73,-40,-7,-19,3
-9,-5,5,5,7,0,0,-9
5,-1,-4,2,0,3,1,6
-2,0,-6,-7,-9,-3,-1,-1
1,2,4,10,15,2,3,2
1,1,-1,-3,-2,-5,2,3
4,0,3,19,8,-1,-1,2
-6,-5,-6,-23,-15,0,-2,-5
3,3,8,21,8,1,7,-2
1,2,8,41,19,0,2,2
-8,-12,-28,-76,-32,-1,-7,-4
1,3,8,0,3,0,3,1
3,1,6,25,10,-5,-1,2
3,2,3,-2,4,-1,-1,0
-12,-8,-2,4,2,4,3,-6
2,0,-8,-27,-12,-1,2,0
-4,-2,-3,4,-3,-1,-3,-2
3,-1,2,3,0,-3,1,4
2,3,8,-5,1,-3,-1,0
-4,-7,-12,1,-10,0,1,0
3,4,12,21,17,2,4,-1
-2,-7,-15,-42,-22,4,-11,-3
-5,0,2,19,4,0,2,1
-1,1,7,13,12,-1,1,-8
-3,-2,-3,10,4,-4,-2,3
-2,-1,-1,-17,-3,-1,3,-2
5,4,0,9,-6,-1,-10,3
2,1,-3,-35,-11,0,11,3
-2,-2,2,18,6,-2,0,-2
-3,-4,-5,-20,-16,-1,-4,1
7,4,9,27,12,0,10,3
-6,0,-1,1,4,-5,-8,-3
0,-5,-6,-10,-8,-1,2,-3
1,1,-1,-1,-1,-1,-1,-2
0,0,1,9,3,0,2,-1
-1,0,4,6,0,-8,-5,-6
-2,-6,-17,-57,-23,1,2,1
-2,0,1,18,3,-4,-15,-5
2,0,-3,-12,-8,-4,0,-2
2,-1,2,-2,-1,-6,-7,-3
-1,1,3,18,9,-2,3,1
1,1,2,11,5,-6,4,2
0,-3,-3,-6,0,0,-7,1
1,-5,-13,-26,-24,1,9,5
-5,3,4,-2,-2,-5,-18,-6
-2,-2,-4,-1,0,0,4,-3
-6,0,1,-3,2,-3,-1,-5
0,-2,5,15,10,4,2,3
-1,0,5,24,8,-1,3,0
-6,-3,-14,-52,-22,-7,-4,-4
1,-1,-1,12,3,-1,3,0
0,0,3,3,4,-3,-5,-2
1,-3,-2,-2,-6,-3,-1,-4
-3,4,9,30,16,0,2,-2
0,-4,-6,-17,-12,-3,-1,1
-2,-3,-7,-22,-8,1,-3,-1
6,-1,-2,-7,-3,-3,-5,2
-4,-2,2,18,6,2,3,-1
0,1,1,7,8,5,1,4
-3,0,3,-7,-6,-3,-3,-2
-2,-1,-1,17,8,0,0,-2
4,-2,-5,-33,-14,3,-1,0
2,2,4,16,8,1,-1,-5
2,-3,-2,8,3,4,-1,3
-1,-2,-4,-18,-11,-2,0,0
3,0,0,25,6,3,-1,-1
-2,-1,-1,-13,-4,-1,-2,-4
-4,0,1,6,6,-2,3,1
1,2,7,22,11,-1,1,-1
-2,-7,-18,-48,-29,4,-6,4
2,1,1,6,-1,0,1,1
-1,1,2,11,9,-4,-1,-3
-3,-4,-8,-18,-14,1,-3,0
4,1,5,22,12,-2,1,1
-2,0,-1,-6,-2,2,-1,0
-2,0,0,-2,5,-5,-4,-5
-2,0,-2,-10,-9,6,-3,2
-3,-2,-7,-4,-5,2,-1,3
-1,-3,0,0,-2,-4,-1,-4
0,1,4,21,9,-1,1,-3
-2,-1,-5,-21,-2,-3,3,-2
-1,2,7,22,9,0,0,-1
-3,-2,-9,-35,-19,0,2,-1
1,-1,1,6,-2,-1,-2,-1
1,2,6,24,10,2,-7,-3
-4,-8,-19,-52,-28,0,6,2
2,1,9,37,20,4,1,-3
3,1,-6,-32,-25,-2,1,3
-4,-1,-1,6,2,-3,-2,-4
5,1,5,9,9,0,-2,2
3,2,2,11,7,0,2,1
-5,-2,-6,-21,-10,1,-3,-1
0,1,0,6,0,0,3,-1
2,1,6,11,8,-2,0,-1
-7,-3,-2,-3,2,-4,-3,-5
1,-2,-2,6,-3,1,-2,-2
-3,-2,-1,-19,0,0,2,-1
1,2,0,20,4,2,-1,1
-1,-1,-4,-15,1,-5,-1,-3
1,-1,3,7,5,2,-1,2
-4,-4,-5,-5,-5,2,0,0
0,4,8,30,13,1,-2,0
1,-3,-11,-35,-22,3,-4,1
-3,0,-1,11,7,-1,-1,-1
0,-4,-5,-17,-12,-6,-3,-1
-2,0,1,9,7,1,1,-3
0,-1,-3,-7,-14,1,-8,1
0,2,1,1,6,-1,7,2
1,2,1,1,2,-1,-2,-5
-3,-2,1,5,-1,-2,-1,-3
2,-2,0,-1,2,-1,2,-2
-1,-3,-3,-4,-4,3,-1,-2
-3,1,3,13,8,-4,0,2
1,0,0,-11,0,-3,-2,-3
-1,-4,-5,20,-7,2,0,3
2,1,-2,-11,-14,-5,-2,0
-1,-1,0,7,4,-1,3,-4
0,2,-1,-1,6,-2,-2,-2
-3,-1,-2,-4,2,-4,-1,-2
0,-3,-3,-10,-7,3,-2,-3
2,-1,-2,0,-3,3,-1,1
-1,-1,0,-7,0,-2,0,-1
-3,2,5,14,15,2,0,0
-3,-2,1,6,2,-1,0,-3
-3,-3,-2,2,0,-6,-1,-3
-1,-2,-6,-17,-10,-3,-2,-1
-2,0,-1,1,2,1,-1,-3
0,0,2,10,9,2,1,1
2,1,-1,-24,-13,-3,-2,1
-2,0,-2,10,-3,-4,-3,-4
-4,-6,-4,-22,-7,0,3,2
1,2,4,22,9,-4,-5,-1
-4,-1,-4,-15,-6,3,0,-2
0,0,-2,0,-6,1,0,0
0,0,0,-3,-5,-1,-4,-3
-1,-1,2,2,6,-1,-2,-2
2,-3,1,5,5,2,2,3
-1,-2,2,-3,0,-1,0,1
1,0,-2,8,0,-6,-2,-3
-1,-4,-6,-25,-18,2,-2,-1
-2,-3,-5,-1,0,3,-1,0
1,1,2,7,13,4,2,-1
0,2,3,5,1,0,-2,0
-1,0,0,7,4,1,-1,-1
3,1,0,-3,0,-3,0,0
-3,-5,-6,7,-3,6,-1,3
1,1,-4,-8,-9,-1,-1,3
-2,1,1,0,6,-1,0,-1
2,0,-2,7,-7,-3,-1,-1
-1,-3,-3,-12,0,2,-1,-1
-2,-3,-2,4,-3,-1,0,0
-1,-3,-4,0,1,1,0,1
-2,-1,-3,-2,3,-4,-1,-6
-1,0,7,16,10,-3,-2,-2
3,-4,-11,-29,-15,-3,-1,-3
-4,-2,1,0,-2,-1,-1,1
0,-2,-1,3,0,-1,-3,0
1,2,5,8,3,-2,-1,-1
0,0,-6,-7,-1,7,-2,2
1,-1,-1,4,2,-2,1,1
0,-1,-2,1,-1,0,-3,1
0,3,-2,-6,-8,0,0,0
-3,1,6,12,10,3,2,-1
-1,-1,0,-1,-4,1,-1,-1
0,0,0,3,-3,-1,0,2
-1,-1,-1,-4,-2,-2,1,0
-3,0,2,10,4,-1,2,0
-1,3,2,2,10,-1,-1,0
1,0,-5,-7,-12,2,-1,1
1,-2,-4,-11,-6,-1,0,-1
0,-2,2,0,-1,3,-1,1
-2,-1,-1,-2,-3,0,0,-1
-1,0,1,0,1,0,-1,-1
2,1,2,7,5,-4,1,-1
-4,-4,-8,-22,-12,4,0,4
3,0,1,7,7,-1,-2,0
-1,-2,0,-2,1,-3,-1,-4
-2,-3,-2,-3,-11,-1,0,0
1,1,4,13,11,-1,-1,-4
-1,1,-2,-6,-3,1,-2,-1
-1,-3,-8,-6,-4,3,-1,-1
-2,-1,0,-8,-2,0,0,-2
-1,1,3,6,2,0,1,1
-2,-2,-5,-5,-4,-2,-1,1
-3,0,0,5,3,-1,-3,-1
-1,2,1,-5,-3,2,-1,0
2,-2,-1,5,3,0,1,0
-2,-4,-1,-1,-1,-4,-3,-4
-3,-2,3,1,1,-5,-1,-3
-2,-2,-1,2,0,-4,-5,-2
0,2,-1,3,-1,-5,-2,-2
1,1,-2,-4,-4,-3,3,1
0,-1,2,3,4,-4,3,-1
1,0,-4,-7,-9,-6,-4,-1
-3,-2,0,3,1,-4,-3,-2
2,0,2,4,0,-5,-2,-1
-3,-1,0,-2,-2,1,0,-1
-2,-6,-6,-5,2,1,2,1
-3,-1,5,5,2,0,0,-1
-2,2,-2,-4,-2,0,1,-1
1,3,0,4,2,0,2,2
-2,-2,-2,-4,-5,0,-1,-2
0,1,1,3,2,-2,0,-1
0,-2,-3,-1,6,2,1,-2
2,-2,2,0,-2,-5,-3,1
-1,0,-2,-2,-1,2,2,0
-4,-2,-2,1,1,-2,-1,1
-1,-1,-1,1,0,-2,-2,-1
-3,-1,-3,-2,1,2,2,-1
0,-1,-1,0,-1,0,-1,-1
-1,0,2,3,2,-6,-1,-2
-1,-1,-1,-1,-7,-3,2,-1
0,0,-3,-1,6,3,2,-2
0,1,0,-1,3,4,3,0
1,-1,3,6,10,-1,1,-4
-1,-4,-7,0,-4,0,-1,1
0,-1,1,-4,-4,2,-1,-1
-2,0,3,0,1,-1,-1,1
-3,-1,-3,-5,-10,-2,-2,0
1,1,0,3,3,-2,-1,1
-2,-1,0,1,1,1,2,1
0,-2,-4,-1,-2,0,0,-1
2,2,4,2,-1,2,-5,-1
-2,0,-2,-1,-10,-4,-1,-1
-1,-1,-2,-1,-2,-2,-1,-2
-3,-1,-2,-4,-2,-2,0,-2
0,-2,0,0,-3,-4,-2,-2
1,-1,-2,1,-4,2,-1,0
2,0,-1,1,1,2,-1,-1
1,0,-3,-6,-3,-6,-3,-3
2,-1,-3,-3,-5,4,-1,0
-1,1,2,-4,2,2,0,-1
0,-3,-2,3,4,0,-1,1
-3,2,2,3,2,1,2,2
-4,-2,-1,-4,-2,-1,-1,-1
0,-1,1,1,4,-4,-2,-1
4,0,0,4,-4,2,-1,1
0,-4,-6,-10,-3,2,-3,-1
-1,1,0,1,2,-7,1,1
-1,-3,-2,1,-3,-2,-1,-2
0,-2,-3,-12,-8,1,-1,-2
0,-2,-2,1,6,6,0,-1
-1,0,0,3,4,0,0,0
-2,0,-5,-4,0,-2,-1,0
-1,0,0,-3,-3,-2,-3,-1
-1,0,0,6,1,-1,-2,-2
-2,-4,-2,0,4,0,0,-2
0,1,2,-3,0,-1,-1,-2
-1,-2,-1,-1,0,-1,0,-3
0,-2,1,0,2,-3,2,-1
-2,0,-4,-4,-5,4,-2,-3
-1,0,1,0,1,1,0,2
0,1,3,6,6,-5,-1,0
-2,-3,-4,-8,-10,-1,-3,0
-1,-1,1,1,0,-1,1,-2
3,0,-3,-1,-3,-1,-1,-1
-3,-4,0,-2,2,-2,2,-2
-1,0,0,-1,-2,-4,2,-1
-1,-1,1,3,-1,-3,-1,0
-2,-3,1,1,2,-1,-1,-2
0,0,-2,-2,2,3,-1,-1
1,-4,-5,-6,-10,-4,-3,-4
0,0,1,0,-2,-4,-4,-1
-2,0,3,2,-1,0,1,-2
-4,0,-2,2,3,-3,-3,-2
-1,-3,-1,1,1,-2,-1,0
-2,-1,-3,-1,-4,0,1,2
-1,-2,-3,-1,-2,-5,-4,0
3,-1,2,1,1,-1,0,-1
-1,1,0,1,4,1,-1,-1
1,-2,-2,-2,-1,2,0,-1
1,-2,1,1,0,1,1,-1
-2,0,-1,-6,-5,0,0,-2
1,-1,2,5,-7,-2,-2,0
1,0,3,1,-1,-2,-4,0
0,-1,-7,-10,-4,3,-1,-2
-1,-3,-2,-1,-1,1,0,-2
-1,4,2,5,2,-4,1,0
-2,-2,-4,-2,-4,5,0,0
0,1,4,5,6,-3,1,-1
1,-2,-1,2,0,-3,-2,-3
1,2,-2,-8,0,-2,1,-2
0,1,-1,-5,0,3,1,0
0,-1,-2,0,4,2,1,0
0,-1,-3,2,0,-3,1,-1
-1,-3,3,-4,-3,6,-2,-1
2,-2,0,-1,2,0,-3,1
0,0,-3,-5,-1,0,2,0
0,-2,-3,1,3,1,-2,1
-1,0,-4,0,1,-3,-3,-2
0,3,0,-1,-2,-1,-1,1
-1,1,1,1,0,-2,0,-1
-2,-1,-2,-1,2,-2,1,-1
1,0,2,3,1,2,3,0
-4,-2,-1,-2,1,4,0,-3
-2,-2,-1,1,1,-5,-2,-2
1,2,-1,-1,-5,1,0,0
0,-1,-1,-1,3,3,-1,1
-4,-1,-1,-4,-1,-3,-2,0
0,0,1,4,1,1,0,-1
-1,0,0,0,0,-3,-1,1
-1,-4,-5,-8,-1,3,-2,0
2,-1,-3,-1,-4,-4,-2,0
-1,-1,1,0,-3,-3,-4,-3
0,2,3,2,5,1,-1,1
-1,2,-1,2,-4,-4,0,-1
-2,0,1,0,-1,0,0,-3
-1,-4,-3,-4,-1,1,-2,-1
-1,-3,-2,-4,-2,2,-2,1
-1,0,1,4,4,-3,-1,-1
0,0,-3,-5,0,-2,-2,-2
-1,1,2,-3,-6,-2,0,-1
0,1,-3,3,-2,4,-1,2
-2,-2,0,-3,1,-2,0,0
0,-1,0,0,-8,-4,1,1
-1,1,-2,1,3,0,-1,-1
-2,-2,0,-2,2,-1,-1,0
1,-1,-4,-4,-4,1,1,0
0,-1,2,6,6,3,0,0
2,-2,-3,-6,-4,-3,0,-1
0,0,0,-2,1,-1,-3,-1
-2,-1,-2,-1,-2,-1,0,-2
-2,-1,0,-2,0,-1,-4,-3
0,1,-1,2,2,3,0,-1
0,0,-1,0,-13,-6,-1,-5
-1,2,3,-8,-4,-5,0,-1
0,0,1,3,6,-1,2,0
-2,-1,-3,-4,-4,-2,-1,-1
-1,0,0,2,1,-1,-3,-1
0,-1,-1,3,1,-2,-3,-2
-3,1,1,-1,4,-1,0,-1
-2,1,3,0,-5,-1,-2,0
-2,-2,-2,-2,2,0,2,-2
2,-2,-4,-3,-5,2,2,0
-1,-1,-1,-2,-2,-2,-2,-2
0,2,2,2,4,-2,0,-1
-3,-2,-1,-3,-3,-3,-1,-3
1,0,3,10,3,0,-2,0
1,2,-3,-2,-1,-1,-1,-1
-2,-4,-1,-2,2,-2,-1,-1
-1,-3,-5,-6,-6,0,-2,-1
-2,0,3,5,7,-2,-1,-2
0,-2,-1,0,-1,2,3,0
-2,0,0,-4,0,0,-1,-1
0,1,2,2,0,0,0,0
-1,-2,-6,-3,0,0,-1,0
0,-2,0,-2,-9,-3,-2,2
-1,-5,-6,-4,-2,1,1,-2
2,0,2,-3,0,-2,-1,-1
-1,1,0,-1,-10,7,-3,-1
0,3,3,7,5,-6,0,0
0,0,-1,1,-7,-13,-4,-5
-3,-3,-5,-8,-8,-3,-1,-2
1,-1,2,-1,3,2,0,-1
2,0,0,1,2,4,5,5
-2,-3,3,6,3,7,-1,0
0,-2,-1,-1,1,-3,-2,0
-1,0,0,-2,0,0,-2,1
2,-1,-1,0,10,8,2,-1
-1,2,3,2,3,2,2,3
-2,-2,-4,-5,0,-4,-2,-2
-1,1,-4,-4,-3,-2,-3,-4
-4,-5,-4,-4,-2,1,-2,-2
2,1,2,4,2,-2,-3,2
0,0,-1,-16,-7,4,-2,0
0,-1,2,4,2,-3,1,0
1,1,-3,-1,-3,2,-2,-1
1,-3,-8,-15,-11,2,-3,-1
0,-1,2,8,8,6,1,1
-1,-1,-2,1,-1,0,-1,0
-3,-2,-1,-6,-6,-7,-3,-3
-1,0,-3,1,1,-5,0,-1
3,1,1,6,3,6,0,2
-1,-1,-1,-4,0,0,2,1
-2,1,2,9,4,-2,-2,-7
-1,-1,-2,-13,-10,-1,-1,-1
0,0,-2,-3,-4,-9,0,-3
-2,-1,0,-4,10,7,-1,1
3,-1,2,3,2,8,6,4
0,1,-2,3,-1,1,-4,-2
-3,-1,0,3,4,5,1,-2
-2,-1,0,1,-9,-16,-4,-4
0,1,-5,-20,-13,-2,-4,1
0,1,1,7,6,9,4,2
-1,0,1,11,9,8,5,1
-1,-1,0,1,0,-4,-9,-4
3,-2,-4,-2,-8,-12,-1,0
-1,1,1,-4,-1,0,-2,-2
-3,-1,-3,-6,-10,-7,-3,-4
-1,2,1,1,2,-1,-2,-1
2,-2,1,2,-1,6,-4,-1
0,-1,-4,2,-4,-4,1,2
0,-1,-2,-4,0,2,-5,-2
1,-2,1,8,1,3,4,4
0,-1,0,-10,-10,-9,-4,-4
-1,-1,-1,1,10,3,1,2
-1,2,3,7,-1,-10,-7,-2
1,-1,-5,-13,-1,1,6,2
-1,-2,-5,7,-3,9,2,3
-1,1,-1,-8,-7,-25,-10,-3
2,0,1,2,10,7,-2,1
-3,1,-1,0,-1,2,0,-3
-6,-3,-1,9,7,-6,3,-5
1,-2,-1,-6,-6,16,-2,3
-1,-2,-7,-1,-5,-13,-3,-2
-1,1,-2,-13,-9,2,3,0
-1,-1,4,4,6,6,-4,2
-5,-4,-4,-2,-4,-9,-10,-9
0,-2,0,1,-3,3,10,3
0,1,3,10,8,16,4,2
-2,2,-1,-16,-11,-24,-10,-4
-5,-5,3,9,13,15,4,-7
1,0,-3,-3,-8,-16,-7,-1
-3,-4,-2,-5,9,22,1,-1
0,3,7,8,6,18,5,0
-1,-5,1,11,16,-19,-1,-3
-5,-1,-11,-19,-23,10,1,-5
1,-1,7,5,-17,-46,-27,-4
-2,0,-5,12,10,13,7,3
-1,3,5,2,7,17,10,1
-2,-4,-9,-16,-4,-7,-1,1
-2,-2,3,11,-1,-14,-9,-9
-1,-1,-5,-22,-9,3,-19,-5
-1,-1,1,20,4,-9,-1,1
0,5,1,1,-3,-22,-11,-11
0,-7,-10,-9,12,23,11,7
0,2,10,15,0,-2,10,0
-5,-3,-7,-26,-9,10,9,0
2,3,14,20,20,11,-3,0
-1,-4,-9,-1,-8,7,7,3
-3,-3,-3,-9,-12,-24,-31,-18
2,0,-8,-16,-7,-11,-3,3
-1,0,6,5,-1,9,1,2
-1,0,-2,20,6,0,10,3
-1,-3,-9,-27,7,19,15,4
-1,3,6,12,0,3,4,-2
0,0,-5,-26,-23,-41,-17,-7
-3,-3,5,15,15,27,-5,-3
2,3,1,0,4,4,23,15
-7,-9,-14,-9,-4,-12,-21,-17
2,-3,3,24,9,17,5,-1
4,1,-4,-18,-15,-33,2,8
-5,-7,-9,-19,-3,26,9,-4
7,2,1,-9,10,29,22,21
-4,-5,-7,-8,-11,-6,-9,-5
0,1,3,11,-10,-47,-17,-5
0,1,6,11,13,27,-8,-1
5,2,-6,-9,-20,-22,-12,-3
-4,-4,-1,-4,3,-5,18,4
-3,1,-10,-11,0,-5,-1,-6
-1,-4,-7,-2,-2,-8,6,3
2,5,11,20,9,8,-16,-4
5,3,5,9,20,53,26,11
1,-3,-9,-18,-9,-16,5,-2
-4,-7,-6,-8,4,-7,6,0
-1,1,-3,-6,-6,-3,-10,-6
1,-3,-6,-6,-37,-29,-13,-4
-1,2,12,4,21,42,23,18
2,2,10,45,22,19,-7,-3
-4,-10,-22,-32,-20,-29,-8,-2
0,2,14,20,28,31,-4,-5
-5,-8,-16,-40,-41,-87,-8,-6
-3,4,5,11,-12,-26,-26,-7
-1,0,5,28,15,37,32,7
1,6,6,-28,9,20,-4,3
-17,-11,-7,6,12,74,-6,-18
10,-1,-5,-15,-7,-24,21,9
-5,-4,-1,13,0,-51,-4,-5
1,-1,-1,3,5,5,8,1
4,0,10,28,17,38,15,7
0,3,-2,-19,-14,-27,-30,-8
9,7,2,-17,-12,17,4,18
-5,-3,-2,15,34,81,42,-3
-5,5,-9,-30,-38,-62,-60,-21
-10,-15,-17,-21,-15,4,2,-7
-2,-2,12,15,16,5,14,8
-5,-2,-10,5,-26,-36,-24,-14
5,-2,0,-4,-1,19,0,6
-1,-4,-4,-5,12,-17,21,6
-5,4,11,-2,11,44,4,-17
-1,-1,-8,1,-12,-18,-18,5
-2,2,5,18,17,21,4,-3
0,-4,4,17,29,94,-4,-8
-2,-5,-10,-22,-57,-104,-20,2
1,2,4,11,14,-22,9,3
0,3,4,2,6,-1,6,5
-5,12,11,0,-4,-7,-9,-8
4,-1,7,34,30,23,8,5
-4,-5,-17,-43,-35,-44,-23,-8
-3,3,14,10,6,-19,-4,-13
-2,-9,-1,15,22,15,27,19
-1,0,-12,-33,-38,-11,-14,-10
-3,10,22,34,28,31,14,-1
9,-4,-8,-3,-5,-18,5,23
-6,1,-8,-21,-22,-27,-21,-18
-1,-2,2,-12,1,14,-2,-10
-3,-7,-3,18,3,-17,-18,0
3,5,10,12,11,20,28,5
10,9,-1,-4,-17,-18,-7,10
-11,-8,-7,7,6,-1,11,-4
7,1,1,-22,10,65,21,20
-3,0,-12,-12,-23,-63,-31,-20
-4,-9,-4,-16,-15,13,-1,-4
2,4,7,-15,3,34,11,3
-2,3,6,29,23,-1,-10,-8
-5,-1,1,10,19,91,24,7
1,-1,-13,-21,-33,-28,-13,1
-4,-5,-1,20,24,13,9,-5
1,-3,1,-15,-8,11,0,5
8,5,-1,-15,-19,-68,-7,11
0,-2,6,23,18,-13,22,1
-4,-1,-11,-13,-33,-40,-30,-11
-4,-2,5,11,0,3,6,-7
11,-3,-11,-8,4,4,-3,9
-1,2,-1,-2,-10,-47,-14,1
6,4,6,19,14,10,5,9
-7,-12,-32,-80,-76,-59,-21,-11
1,-5,13,21,28,6,17,6
1,0,-9,10,-40,-42,1,-7
-1,8,14,-3,14,1,-16,-3
2,2,-1,6,17,25,15,6
0,-1,2,4,-11,-90,-10,8
-3,4,7,19,10,-2,-9,-6
3,5,10,31,6,-3,16,5
-11,-14,-16,-13,20,85,27,6
-1,-1,-9,-29,-43,-67,-48,-14
-4,-7,5,30,32,14,6,-7
-6,-8,-19,-47,-28,-18,-15,-12
10,7,19,37,28,14,26,22
-5,-3,-7,-19,3,24,-11,-14
4,7,14,20,-6,42,22,17
1,-2,-6,-14,-25,-78,-35,-5
-14,-13,-18,-26,-25,-49,-30,-37
-2,6,11,48,33,50,12,-3
-1,-4,3,-28,26,97,13,5
7,5,1,16,-1,-12,9,13
3,6,11,31,21,-1,2,2
-2,-10,-15,-19,-29,-6,-3,-4
0,0,-2,-11,9,20,-5,-1
-9,-10,4,-11,19,47,12,3
1,1,-25,-35,-38,-106,-51,-20
6,9,18,16,25,83,30,18
10,4,-4,-21,-19,-65,-2,13
-5,-3,5,27,30,-2,-2,-13
3,0,1,-16,-27,-19,-2,7
-3,-4,2,9,25,62,21,4
1,-1,-1,17,45,81,15,8
-1,1,-16,-57,-94,-64,-53,-13
6,2,-1,10,17,19,11,4
0,5,3,-5,7,70,18,-2
-2,-7,-9,-1,-2,-15,-22,-6
4,3,6,29,16,10,33,16
2,-1,3,0,-6,19,-5,4
-2,-5,-11,-28,-14,30,1,-6
6,14,12,30,0,-87,-10,5
5,-1,-5,-15,23,92,13,7
1,3,5,20,-38,-101,-20,-5
0,9,19,23,35,18,20,3
-3,-4,-1,3,-7,-15,-12,-8
1,-1,-4,6,18,78,37,4
1,2,1,-15,-20,-39,0,8
1,-2,-6,0,1,-21,-20,-7
-9,1,-7,-19,-24,-10,-4,-15
0,-3,1,-10,24,19,14,7
-4,-5,16,38,51,54,34,-2
-10,-14,-41,-59,-87,-110,-53,-20
3,5,17,14,20,26,12,-4
-3,-2,-2,7,15,12,-2,-1
-1,-3,-13,6,-12,27,1,8
-1,-2,8,18,9,-58,1,-8
2,0,-2,-9,-20,-50,1,10
-11,-9,-6,11,33,51,-7,-14
11,11,7,2,-38,-77,1,14
3,2,13,47,41,64,39,15
-25,-17,-48,-111,-85,-87,-68,-54
13,10,13,27,18,23,25,12
2,5,11,3,7,-47,-8,18
-4,0,1,35,14,5,4,-17
1,-5,-1,-39,-11,23,10,11
-4,-6,-15,-14,8,4,-15,-4
-1,2,3,-8,8,35,-2,-13
-2,1,3,-5,-2,53,-3,3
11,8,8,47,4,-49,13,10
2,-2,-9,-38,-30,-25,4,3
-9,-7,-3,-20,6,13,-19,-13
0,-3,4,8,14,4,-6,5
4,0,-4,-23,7,53,39,16
-10,0,7,38,-8,-58,-32,-26
-7,-4,-9,-27,6,-3,-6,-16
3,-5,-10,-36,-17,-34,-15,11
11,20,32,62,33,58,14,-2
4,0,1,13,-4,-69,22,57
-27,-15,-22,-27,-2,16,-14,-61
7,3,11,23,-25,-103,-18,-9
-22,-25,-25,-43,-12,3,-9,0
-2,12,11,17,21,36,15,-34
16,8,30,77,50,100,16,34
-11,-7,-23,-58,-46,-11,-3,-10
14,3,-3,-4,-1,-10,-15,8
8,4,17,37,26,-22,7,16
0,9,-11,-36,-40,-34,-24,-5
-6,-8,-5,17,-10,0,-7,-11
6,0,3,-14,0,-9,-15,-14
1,-1,-7,-27,1,61,26,52
3,5,11,42,-4,-50,-8,-29
5,-1,-14,-63,-34,-25,-5,17
4,2,3,22,1,4,13,24
-31,-19,-10,-7,38,94,-12,-52
11,-3,-7,-20,-52,-79,-35,8
2,10,3,6,11,39,22,-1
0,-9,-5,-10,29,57,15,10
6,3,11,32,-16,-15,-26,-19
-6,-6,-5,-14,7,20,34,38
-6,-4,-10,-14,11,12,-27,-34
-14,-2,18,68,35,27,10,-9
0,-8,-17,-49,-24,9,-7,-23
0,-2,-4,-16,-10,-19,-10,7
2,7,9,10,21,23,4,-25
3,-12,-10,-11,7,51,10,33
-12,11,-12,-26,-70,-91,-61,-60
16,3,15,30,59,92,40,21
-4,1,4,19,11,-11,15,18
-9,1,6,15,-8,-36,-25,-24
9,-5,-11,3,2,2,20,29
-2,-3,-9,-25,1,13,2,-4
4,10,18,47,22,-34,0,13
-11,-4,-1,0,3,41,-3,-26
15,16,7,30,-48,-128,-9,17
-10,-7,-7,-4,19,21,6,-7
-4,-9,-3,3,17,63,17,9
11,11,19,63,32,29,-4,0
3,5,0,-31,-17,-20,-1,3
7,6,18,28,16,22,13,3
-1,4,-7,35,15,39,-9,3
-10,-7,3,-19,-28,-72,28,13
-16,-24,-29,-25,5,29,-38,-39
4,0,1,3,23,49,12,8
1,-3,-7,-14,-5,-1,-7,1
9,13,20,31,28,31,25,11
2,-6,5,5,-1,-17,28,34
-20,-10,-24,-51,-49,-58,-45,-46
-4,-11,-13,-51,-11,16,-4,4
8,9,2,27,1,-17,-6,6
4,5,27,39,41,43,18,15
-3,-3,-18,-28,-49,-91,-10,4
1,3,13,10,1,-9,0,-7
-6,-3,-12,-28,5,-41,-5,-13
-1,0,-1,14,-19,0,-14,-9
5,1,11,30,29,41,36,26
0,9,12,16,-12,-52,-3,1
-18,-12,-32,-52,-42,-67,-51,-43
2,0,13,30,31,34,11,5
-4,-2,-5,1,9,6,-8,-9
-5,-13,-6,-52,3,27,9,-1
4,7,9,37,2,1,-13,0
0,3,7,10,13,10,16,3
-5,-1,-2,2,2,32,-19,-18
-1,-7,-8,14,-4,4,-3,5
13,9,12,-3,-25,-51,-10,1
-8,-11,-26,-69,-16,4,-7,-7
10,5,17,24,35,52,32,24
1,4,2,-3,-16,-34,2,8
-7,-3,-11,6,-1,-1,-24,-18
2,-4,-9,-49,-33,-18,2,2
-5,-2,9,45,26,42,3,-3
0,3,-9,-35,-13,55,3,6
8,3,2,-6,-5,-4,3,3
0,3,-1,-2,8,-10,-2,-1
8,13,23,32,15,-19,-1,18
-1,0,-2,-3,-5,13,-2,-18
5,2,9,13,17,9,22,21
-7,-1,3,38,10,-24,-18,-26
3,-8,-26,-93,-47,-41,-2,8
1,0,7,48,20,-15,-5,-2
-7,-10,-11,-34,-7,21,8,4
12,4,9,52,36,36,9,6
0,-1,1,15,-8,-35,2,10
-9,-5,-10,-24,-24,2,-11,-27
2,-6,-23,-39,-22,15,13,4
-7,-3,4,6,11,18,-3,0
-5,-2,2,31,32,36,26,1
0,6,6,4,-21,-34,-21,-10
2,3,3,8,18,21,0,7
7,8,11,7,-6,-18,19,22
-4,-1,-3,-6,24,25,10,-10
2,5,11,48,-31,-92,-31,-11
-11,-9,-13,-41,-9,51,-7,-18
8,0,3,-20,1,57,2,18
-3,-6,-9,1,-16,-24,-16,-8
6,11,9,6,42,82,29,20
0,6,17,48,27,-18,10,2
0,-4,-4,-24,-22,-107,-5,-1
-3,-8,-15,-19,-17,-9,-8,-8
-1,-5,-7,14,7,26,8,-6
1,5,17,12,27,88,32,22
4,7,-2,5,-27,-54,-41,3
-9,3,10,15,7,-26,-22,-49
-5,-13,-13,-20,27,31,13,7
8,-1,-6,-11,-2,-29,0,6
-18,-7,9,47,41,121,47,-13
10,3,-23,-66,-94,-81,-35,19
-6,-1,8,-5,23,50,0,-22
11,3,3,12,-11,18,14,19
-1,-7,-11,-34,2,26,-6,-3
4,4,12,33,6,-71,-13,8
-9,-6,-13,-45,-30,-32,4,-2
-1,1,7,16,8,-20,-20,-7
0,-2,-2,7,11,-22,2,-1
-5,-2,-1,5,17,34,11,-2
6,2,0,-9,-7,-33,-4,17
-4,-6,-10,5,3,-2,-9,-10
1,2,-9,-14,-10,-4,-17,-12
-3,-3,-3,1,-10,-17,0,0
-8,-7,-2,6,8,4,-17,-2
0,0,3,23,-12,-16,-8,-17
7,-2,-3,-22,13,51,17,17
4,4,1,0,-6,19,5,-19
2,-1,-3,-8,-12,-23,-1,6
-8,-7,-8,-19,-12,-27,-21,-7
3,1,5,7,-3,-17,2,1
-2,-2,1,4,-12,12,-4,2
7,4,0,-18,-8,17,11,9
0,-3,1,7,10,0,7,1
-3,1,3,7,3,-22,-6,-2
-6,-13,-27,-57,-44,-2,-15,-5
7,4,9,27,21,12,18,7
-5,-4,-10,-23,-23,-17,-11,-4
-4,1,2,6,-3,16,-7,-3
-2,1,5,16,18,20,9,3
7,-1,3,20,7,-5,1,3
-9,-8,-11,-55,-25,-5,-5,-7
-2,-2,-2,6,-7,-10,-5,-1
-5,-1,2,-10,10,26,7,2
3,3,3,11,1,3,-2,2
-1,3,6,14,7,-2,5,-5
-3,-1,-9,-4,-10,-7,-2,-3
3,-3,2,-5,0,8,2,5
2,-3,-8,-12,1,-7,6,6
-4,-1,0,3,-1,-2,-7,-4
3,-2,-2,-12,-13,-14,-4,-1
0,2,6,20,17,22,7,6
-3,1,3,-4,-21,-4,-2,-1
1,-2,-4,2,-11,-5,0,-2
0,-1,-5,-10,-11,2,1,0
3,1,2,-8,4,6,0,5
-2,-4,-4,-4,-3,0,0,2
-3,0,2,6,1,-1,-6,-3
-2,0,-1,2,-5,-16,-4,-1
2,1,3,7,10,9,1,-1
-3,-1,-5,-20,-5,-12,-6,-3
-2,-5,-6,0,10,2,2,2
-2,-2,1,11,10,2,0,-3
1,1,-3,-15,6,9,0,3
-1,0,4,9,4,-2,-1,-1
0,2,0,1,1,-1,-2,-1
1,-3,-5,-9,-3,-2,0,-3
-2,-2,0,7,8,-3,-1,-2
-1,-1,-2,9,-1,0,-3,4
4,1,-2,-9,-4,-2,-1,1
-8,0,0,-2,-6,-4,-3,-3
-3,0,1,8,4,9,-1,-4
1,-2,-2,-4,-2,-1,0,-1
1,3,2,3,4,-3,1,0
1,-1,-1,-7,-5,2,0,-2
2,0,1,8,-2,0,2,1
-2,0,-2,-2,1,0,-4,-2
1,-1,-2,-6,-5,-1,-1,-1
1,0,4,3,2,-2,0,0
2,-2,-3,2,4,1,-2,-1
0,-2,-1,-1,-4,-3,1,1
-3,0,-1,-2,-4,-1,-1,-1
-1,-2,-4,-6,-2,-1,-2,-1
-3,-1,0,2,2,1,0,-2
0,-2,-2,-2,0,-2,-2,-3
-4,1,4,2,1,0,0,-5
1,0,-3,-6,-1,-1,-2,0
1,1,1,1,0,-3,-3,0
0,-1,1,2,-1,-4,1,-5
-1,-4,-1,-2,0,0,1,0
0,0,0,0,-1,0,0,-2
-2,-2,-1,-9,0,2,1,-2
1,-2,-6,11,-1,3,-4,5
0,3,1,-9,-1,-1,-1,-2
-2,-1,-2,0,1,0,2,2
-2,0,2,2,1,-3,2,-1
-3,-1,3,3,4,-2,3,1
-1,-6,-7,-6,-6,-2,-1,-2
-2,1,-3,-5,-3,-1,-2,3
-2,0,-1,0,2,-1,0,-3
0,0,1,-4,-3,-2,0,-1
-2,-1,0,4,-1,1,0,-1
3,1,3,2,1,0,0,-1
4,0,-2,-5,-1,-2,1,-1
-5,-3,-6,0,-4,0,-3,-1
-5,-2,-1,-2,-1,-2,-2,-5
1,-2,-3,-7,-3,-1,0,-2
-2,-1,-1,1,-4,1,-2,0
2,2,3,-5,-3,-4,0,-2
-2,-2,-4,0,-1,-1,0,-1
1,0,5,15,4,-3,-2,5
-5,-2,-2,6,3,5,-1,0
-2,-2,1,-8,-1,-2,-2,-8
4,-2,-12,-11,-5,3,-2,3
2,1,3,1,1,-2,2,-3
1,-3,0,6,5,1,-2,3
0,3,4,8,3,1,2,2
-3,0,2,7,-1,-3,-4,0
-2,-3,-6,-14,-4,-1,-3,-2
0,2,2,6,3,1,0,1
-9,-2,-4,-16,-10,-1,0,-7
6,-2,0,2,2,-3,-1,0
0,2,0,-4,-2,3,-1,0
1,0,-1,1,0,-1,1,0
-1,1,6,21,11,3,1,2
1,-6,-14,-53,-29,-8,-3,-2
-6,-1,4,27,8,5,-1,-3
-3,-3,-2,-26,-4,0,-3,0
3,0,-4,15,7,3,-2,1
-4,1,9,25,13,1,1,-2
2,-2,-7,-22,-8,-2,1,2
0,3,7,23,3,-2,2,-2
2,-3,-8,-29,-16,-3,-5,-1
0,1,2,1,6,2,1,1
15,8,8,20,7,-4,1,3
-28,-8,-1,-6,-3,6,-2,-9
3,-6,-8,-16,-7,-7,-3,-4
1,1,1,7,0,2,2,5
0,1,1,8,8,2,1,-2
9,4,0,3,0,-1,3,2
-2,-2,0,-2,2,1,0,1
-5,-2,1,3,0,2,-1,-2
-2,-2,-2,1,-4,-2,-2,1
7,1,-2,2,-5,-3,-3,1
-3,-1,-1,-11,-4,3,1,-1
-1,0,-5,-15,-8,-2,-1,2
-6,-2,-2,-6,-6,3,0,-2
-1,0,-4,-4,-2,0,2,-1
3,3,7,24,9,-1,1,2
3,1,-2,-1,5,3,3,1
-6,-6,-12,-34,-15,-3,-3,-2
4,0,-4,-6,-2,1,-3,3
-6,0,1,2,-5,-1,-2,-5
3,0,3,16,3,0,0,-2
-5,0,0,2,1,-1,0,-4
1,-1,3,16,6,-2,-1,-1
2,1,-9,-34,-14,-4,-1,6
-1,-1,5,15,1,0,-3,-2
-3,-8,-17,-43,-15,-1,-7,-2
-1,0,2,11,3,0,-1,-3
0,2,12,28,15,1,1,-3
-1,-4,-9,-22,-7,-3,-3,-4
-1,-3,-11,-27,-20,-3,0,2
-3,1,4,11,6,4,-1,0
0,-2,-7,-8,-5,-1,-3,0
-3,4,7,11,3,-3,2,-4
-2,0,2,5,3,-1,0,-2
3,-3,-9,-27,-19,-2,-2,2
-1,0,7,19,13,1,1,-1
-1,0,2,21,12,-2,-2,-2
4,-5,-11,-66,-31,0,-3,4
-3,1,1,4,1,-2,0,-3
0,-2,2,11,7,2,0,-4
-1,2,1,7,3,-1,1,-1
-4,0,8,29,17,1,0,-5
-1,-5,-5,-8,-3,-2,-2,-3
1,-1,-2,-10,-9,-1,-1,3
-3,-1,1,2,-1,-1,-3,-3
-1,3,5,18,10,-1,0,1
-1,-3,-5,-18,-9,-2,-1,-2
-3,0,-3,4,1,-2,1,-2
-1,-2,-3,-22,-9,-1,-2,0
1,1,10,48,20,-1,-2,-3
3,-2,-7,-16,-10,1,-3,3
-1,-4,-4,-30,-11,-4,0,-2
0,-1,-1,5,4,0,-1,-2
2,1,4,9,5,-1,2,-1
-1,2,5,16,9,0,-1,-1
1,0,4,24,3,-3,0,1
2,0,-9,-35,-11,3,-1,2
-3,-3,2,12,8,0,1,-1
-1,0,1,1,-2,-2,2,-1
-2,-3,-3,-2,-1,0,1,1
-1,1,8,24,10,1,-2,-3
2,1,-2,-18,-14,2,-2,1
0,-4,-9,-13,-9,0,-1,3
0,2,3,1,6,-1,-2,-1
-1,0,-2,6,0,-4,0,-1
1,1,4,13,8,-1,1,1
-3,-3,1,0,2,-1,0,-2
1,-4,-10,-8,-11,0,0,-3
-3,-1,2,-2,-4,2,0,0
-1,-1,1,15,6,-2,-2,-4
2,3,0,-24,-10,-3,0,-3
0,-2,-2,2,4,2,0,3
0,-1,0,1,-2,-3,1,4
-3,-3,-4,-6,3,-1,-2,-5
2,0,0,12,4,2,-2,-2
-3,-2,-1,8,1,0,-1,1
-1,-1,-1,-8,0,1,-1,1
2,2,1,2,-4,1,1,0
1,-3,-1,4,5,-1,-2,-1
-3,1,0,-4,-3,-1,-2,-4
0,-3,-2,-2,1,1,1,-3
-2,-1,2,4,2,-3,0,0
0,-3,-4,-9,-8,-1,-1,2
0,2,2,20,5,1,0,-1
-1,0,-3,-28,-8,1,-1,1
0,1,-6,-1,-1,0,0,0
2,1,2,11,4,3,1,0
0,0,0,-3,-1,-2,-3,1
-2,2,5,9,-1,-1,-3,-5
-3,-5,-3,-2,-1,2,1,-2
-1,-1,0,-2,-1,-1,1,2
-1,-2,-1,-4,-2,-4,-2,-1
-2,-1,-2,-8,-5,-5,-1,-1
1,1,1,2,-3,1,0,0
-3,-2,-4,-9,-5,-1,-2,-3
-1,0,-1,-7,-2,1,1,-1
2,1,1,13,5,-1,0,0
-3,-2,-2,-13,-3,-1,-3,-3
2,-2,-3,-4,-4,1,-1,0
0,-3,-2,-5,-1,0,0,0
0,-3,-4,3,1,-2,0,1
-1,-1,1,-2,-3,1,-1,-1
0,4,1,10,8,2,1,0
2,1,-2,-10,-5,0,-1,-3
2,-2,-5,-8,-4,-1,-1,0
1,-1,0,3,0,-1,0,-1
-4,1,3,1,1,-3,-1,-1
-4,-4,-2,1,3,-3,-1,-1
2,0,6,13,3,0,-1,0
-2,0,-4,-12,-6,3,2,0
1,-3,-1,1,2,0,-1,-2
0,-2,-2,-8,-6,0,-3,-1
-1,2,1,3,2,-4,1,-2
-1,-3,-3,4,2,0,-1,1
-4,-2,-1,-2,-1,-2,-1,-4
-1,1,-4,-19,-11,0,-2,-1
-2,-3,1,0,0,-2,-2,-1
-1,-3,-1,11,0,-2,-1,-2
0,-2,-4,10,4,-3,0,-1
1,1,2,-1,6,-1,-1,0
-3,-2,-2,9,0,1,1,0
-1,-1,-6,-26,-10,-2,-3,0
-2,-1,1,-1,1,-2,0,-1
1,1,-1,-4,-5,0,-2,-1
-1,-3,-3,0,0,1,0,-3
0,1,-2,9,6,-2,0,-2
1,-1,0,-12,-8,3,0,0
-2,0,-1,7,1,-1,-2,0
0,1,-3,-6,-3,-1,1,-1
0,-2,-2,-4,-5,-2,-3,0
0,0,-2,4,3,0,-1,1
0,1,-1,5,2,1,1,0
2,-1,0,4,2,-1,1,-2
0,-1,-2,-3,-7,-1,-2,-1
1,2,3,3,-2,-2,-2,-1
-5,-4,0,-1,-3,2,0,-4
2,0,-3,-7,2,2,-2,1
2,1,3,6,0,-1,1,-2
1,-2,-1,-2,0,-4,-1,-1
1,0,1,1,1,0,-1,0
-2,0,-1,-11,-3,-3,-1,1
-2,-1,-2,9,6,1,1,1
-2,0,-1,0,-1,2,1,0
1,-1,-3,-4,-5,0,-3,-2
-1,0,0,-1,-3,-3,-1,-2
0,-1,-1,-5,-1,2,-2,0
0,1,-1,8,2,-1,0,-1
-2,0,-3,-17,-5,1,1,0
-1,-2,-3,3,0,0,-3,-1
-1,1,3,0,-1,1,1,0
0,-1,-1,2,-1,-1,-1,-1
1,2,2,2,1,-1,0,0
-1,-4,-5,-1,0,1,0,3
2,3,5,2,1,1,-1,-1
-1,1,-1,2,3,0,-2,0
-3,1,0,2,-2,2,1,-3
1,-2,-2,-12,-5,1,1,2
-1,1,1,12,7,-1,-1,0
-1,-1,5,-3,-1,-1,-2,-4
2,-5,-9,-4,-6,0,-1,4
-1,-2,1,5,1,1,-1,-2
-3,-2,-3,-11,-7,-2,-2,-2
1,-1,-1,-5,-2,0,2,-1
0,2,8,9,6,-2,0,-1
-2,-4,-6,-7,-4,0,-4,-2
2,0,-2,-2,-1,0,2,0
-1,-1,-2,-5,-3,0,-2,0
-1,-1,-3,11,1,0,-1,0
2,1,0,2,1,4,1,-2
-2,-1,-2,-1,-1,-3,-4,-2
0,-1,-2,3,2,-2,-2,-1
0,-1,6,-3,-2,0,0,0
-2,-1,-2,1,2,0,0,-2
-1,-1,-1,-9,-7,1,-1,0
0,-1,-2,5,0,5,3,0
-4,-2,-1,5,4,-2,-4,-4
0,1,-4,-18,-11,-2,1,0
1,-1,0,8,6,0,-1,0
-2,0,-3,-6,-7,-1,0,0
1,-2,-1,0,2,-3,-2,1
0,2,2,9,7,0,-1,-1
-4,-2,-3,-6,-4,-3,-1,-1
0,-2,0,4,0,-1,-1,-2
3,0,-2,-3,0,-3,1,-3
-3,-3,2,6,0,-1,-2,-4
0,2,-1,0,-1,3,2,1
-3,-2,-3,-14,-5,-2,-2,-1
-4,-2,-2,-4,-2,-2,1,-2
-2,-1,0,7,2,-3,1,-2
-2,1,-2,-9,-6,-1,-3,1
0,0,-2,-10,-2,0,-1,-1
2,-1,-2,-1,-4,0,-3,2
0,4,0,4,0,-2,-2,3
-3,-4,0,-2,1,1,0,-5
-1,0,-1,-2,0,-1,0,-1
-2,0,-3,-5,2,-2,-1,-4
-1,0,2,-1,-3,-3,1,0
2,1,-2,6,0,-1,-2,1
-2,1,2,0,0,1,-1,1
-1,-2,1,2,2,1,-1,0
-1,-3,-5,-2,2,-1,-1,-1
0,-1,1,0,3,1,1,0
3,-1,-2,-7,-4,-1,-2,2
-2,1,1,3,1,1,0,0
2,0,0,2,-1,-3,-3,-1
0,-2,-1,-8,-10,0,-1,0
0,0,0,5,0,0,-1,0
-2,-1,-1,-2,-3,-1,0,-1
-1,-2,0,-5,-1,2,-1,1
1,0,1,3,3,0,-1,-2
-1,-3,0,7,1,1,0,1
1,-2,-4,-7,-1,0,0,0
0,-2,1,-1,0,-1,-2,-1
4,-1,0,7,4,1,1,1
0,1,0,-4,-2,1,-1,-3
-1,-2,0,-2,2,2,0,-1
1,-2,-1,-2,-2,0,-1,-1
-2,1,0,1,-1,0,0,1
-3,-2,-2,0,-4,-2,-4,-1
-2,-1,0,0,-2,-1,0,0
-1,3,0,-4,-2,2,0,-2
0,-1,2,0,2,-3,1,0
-1,-3,-3,-2,0,1,0,1
0,0,-4,-1,2,-1,0,0
-3,-2,1,0,-1,1,-1,-1
2,-1,-3,-3,-2,-2,1,0
2,1,1,0,-1,-3,-1,1
-1,-2,-2,-7,-3,-2,0,-2
0,-2,-2,1,0,0,1,-2
-2,2,0,-1,1,3,0,-1
-1,-2,1,9,2,-1,-1,0
0,0,-2,-9,-4,-1,0,-2
-1,1,0,3,0,-2,-1,1
-2,-3,-3,-3,-2,-1,-4,2
-1,0,-3,4,4,1,2,0
-4,-3,-2,-5,-6,-1,-2,1
-1,-3,-1,-1,4,2,0,0
-1,0,2,1,-3,-1,2,-3
0,-1,-2,1,5,1,1,-3
2,0,-4,-10,-5,-2,1,0
-3,0,-1,-4,-3,2,-1,-2
-1,0,0,5,5,-3,-2,-1
0,-2,-2,-4,-2,-2,-2,0
0,-1,-3,0,-4,1,-2,-4
-3,0,-1,-2,1,-3,-1,-1
1,2,1,3,3,1,-2,-3
-1,2,3,-1,-2,-1,-1,0
0,0,1,4,2,-3,-2,2
1,3,1,-2,-1,-3,0,0
-2,-3,-8,-8,-9,-3,-1,-3
-3,-1,0,-3,-3,-2,-2,-2
-4,-2,-2,-1,-5,1,-2,-1
0,-2,-2,-5,-3,3,-2,-1
1,-2,4,4,8,-4,0,-1
1,-1,-6,-15,-14,-5,-1,2
1,-1,0,4,2,-1,-1,-1
0,0,0,1,-2,-5,0,0
-1,0,-2,0,-2,1,0,0
1,-1,2,3,6,1,4,0
-2,-1,-3,2,-1,4,0,0
0,0,-3,1,3,-6,-2,-4
-3,0,-3,-5,-5,0,1,-2
-1,-1,3,-2,-1,0,-1,-1
1,1,3,6,2,-1,1,1
-2,-2,1,5,7,4,3,-2
-2,0,-4,-6,-7,-3,-4,-1
-1,2,1,0,0,-1,1,-1
1,-1,-1,-4,0,-1,0,-2
-1,-1,-4,-2,-2,-3,-1,0
-1,0,2,-5,0,-2,0,0
1,-2,-1,2,1,1,1,-1
2,-3,-5,-5,-1,1,-1,-2
1,1,0,1,-4,-2,-1,-1
0,0,-1,1,1,2,-1,0
-1,-1,-1,-4,-2,3,-1,1
-2,2,1,5,3,-1,-1,-3
-3,-2,-6,-10,-4,0,0,1
0,-4,-3,-1,-3,-2,1,-1
0,-1,3,2,-1,-2,0,1
-2,0,-3,-2,2,1,-1,-1
0,-2,0,-2,-5,-1,0,0
0,-1,-1,4,4,-1,1,1
-2,-2,-3,-7,-5,1,-1,-1
1,1,2,6,3,-2,1,2
0,-1,2,5,1,-1,-2,-1
1,-1,0,-2,-1,2,-1,-2
-2,-1,-3,1,1,0,-2,-2
1,0,0,-3,-4,-4,0,-2
0,-1,-1,-5,-4,-2,-2,0
4,0,0,1,2,3,0,3
-2,-1,-2,-1,1,0,-1,-4
-2,-1,0,3,1,-3,-1,1
-2,-3,-1,-1,-2,-1,0,-3
1,0,1,0,-6,0,-2,1
-1,-1,-5,-6,1,-3,1,0
0,2,0,0,1,3,-1,0
1,1,0,2,2,-1,-3,-2
-2,-2,-1,0,2,1,1,0
-1,0,-2,4,-1,2,0,6
-1,-1,-2,-2,-3,-2,0,-1
-2,-2,2,0,-2,-2,2,-1
-2,0,0,1,5,-2,-1,-3
1,-1,1,-1,-4,-3,-1,0
0,-2,2,-1,-2,0,0,1
1,0,-6,-2,-4,1,-2,0
-2,-2,-3,-2,0,-3,1,-2
0,0,1,2,0,1,-4,0
1,-1,0,3,3,0,1,-3
-1,-1,-2,-5,-4,-1,0,0
1,1,-2,-2,-3,-1,0,1
-2,0,-1,2,2,-1,-1,-5
-2,-1,3,2,-1,-2,-2,-2
1,-2,-7,-18,-5,3,0,5
1,0,1,-1,-1,0,-2,-2
0,1,1,1,0,-1,1,-2
-2,-2,-1,4,4,-1,0,-2
0,1,4,7,1,0,2,0
0,-2,-4,-1,-4,-1,-3,-2
0,-1,-3,1,1,-1,0,0
-1,0,-1,-9,-3,1,0,-1
-2,-2,-3,-1,-6,-3,-3,-3
0,0,-1,-7,-3,3,0,0
-2,0,3,2,-1,4,1,-2
2,0,-5,-5,-3,-6,-1,0
-1,-3,-3,2,4,1,1,-2
-1,1,3,1,0,-2,-6,0
0,0,-3,-1,0,-2,-1,-3
-1,2,2,-3,-2,1,-1,-1
-2,-4,-5,1,7,0,0,-4
-3,0,1,2,-1,0,1,3
-1,-2,1,-8,3,-2,1,0
-2,-4,-2,2,-1,-2,1,0
-1,1,2,8,4,-2,-3,-1
-1,-2,-2,-6,-2,-2,-2,-1
-2,-1,0,3,-1,0,0,-3
2,-2,-4,-5,-3,1,-1,-1
0,0,1,-4,-3,-5,-1,0
1,0,-1,3,3,1,-2,-1
0,-3,-1,-3,-2,1,-1,-1
-1,-2,-1,-1,-1,-1,-1,-1
-1,0,0,2,1,1,-2,1
2,1,-1,2,2,-4,1,-1
0,-3,-5,-6,-7,1,-4,1
-1,-1,1,1,1,-3,0,1
-1,-3,2,-2,1,2,3,-2
0,-3,-6,-1,-8,0,0,3
0,2,0,2,1,3,2,-2
-2,0,-1,-3,0,-3,0,1
-1,-3,0,4,-1,-2,-3,-2
2,-1,1,-4,2,2,2,-3
1,0,2,3,1,-6,0,0
-1,0,-4,-6,0,6,-3,1
-2,2,1,-1,0,-2,0,2
-5,-4,-5,-3,-1,0,-3,-2
1,-1,-2,-1,-2,-5,-2,-1
0,-1,2,3,1,-2,2,-1
3,-1,0,-5,-4,3,-2,1
-2,-1,0,4,0,0,2,1
-1,-2,-1,3,1,2,-1,-1
-1,-2,-5,-16,-10,1,-4,0
0,0,-2,1,2,3,0,-1
0,-1,2,2,4,-2,1,0
0,-1,-2,-1,-5,-7,-6,-1
1,-2,-4,3,-2,-6,-1,-1
1,2,1,-2,-1,1,-2,-3
2,0,0,-3,1,4,0,-1
-3,-3,-2,-1,6,3,2,-2
0,1,0,-1,-4,-4,-2,0
-1,0,-5,-10,-9,-3,1,3
0,1,0,5,1,1,2,-1
0,-1,2,1,-1,-7,-1,1
-1,1,2,6,9,11,1,-1
0,-2,0,-4,-6,-3,0,-2
-2,-1,-2,-4,-4,-6,-4,-3
3,-1,-4,-1,-4,4,1,2
-1,1,-1,3,2,-1,-1,-2
-1,1,1,8,8,3,0,0
-1,-2,1,2,1,4,4,1
-1,-1,0,-3,-1,-3,-5,-1
0,0,1,1,-5,-13,-5,1
-1,-1,-3,-2,1,3,0,-1
2,-2,-2,-1,-5,-1,-5,0
-1,0,-1,-5,3,8,4,2
1,-2,-2,-1,-1,4,2,1
-2,0,3,3,2,-5,-4,-2
0,-1,0,8,2,-7,-1,-2
-4,-5,-7,-22,-13,-2,-2,-3
-3,-3,0,2,5,-2,1,-1
2,-1,0,1,-2,-3,-1,-1
-2,1,1,-1,6,14,0,1
0,1,4,9,2,-10,-1,-4
-1,0,-5,-5,-6,-14,-14,-5
-3,-2,-3,-1,2,3,0,-1
3,-1,0,-3,0,-2,0,2
4,0,3,4,3,8,0,4
-2,-4,0,4,0,6,5,0
0,-1,0,6,2,-4,-4,-1
0,0,-2,-12,-6,-1,0,2
0,5,6,23,6,1,-4,-3
0,-6,-11,-49,-21,-1,-3,-2
1,1,4,7,4,4,1,-1
-4,-1,-1,2,2,-1,1,-5
1,2,0,-7,-5,-5,-3,0
0,2,4,16,5,2,-3,-1
-3,-3,-3,-15,-11,0,1,-3
-2,-3,-4,-5,-4,-4,-2,-2
-2,0,1,7,-1,0,0,2
1,1,-3,2,1,4,2,3
-1,-3,-4,-7,-3,-5,3,-1
-2,-1,2,19,9,2,-4,-2
1,-3,-2,-17,-8,-5,2,-5
-2,-3,-9,-6,-6,2,-4,-1
1,2,3,6,6,4,3,3
-1,-2,-1,-2,-5,-7,-2,-2
-2,1,2,2,5,-3,1,0
-3,0,3,4,0,2,11,3
-1,0,-4,-2,1,-7,-13,-5
-1,-1,0,-2,-7,-1,4,-1
-3,-2,-2,-12,-7,7,-3,-1
-1,-2,1,5,2,3,-1,-4
-2,-4,-3,-7,-8,1,1,2
-3,-4,-5,-9,-1,3,-3,-4
0,1,1,14,10,12,0,4
-1,-1,1,-12,-15,-30,-6,-7
1,-1,-5,0,2,7,5,3
-4,-4,1,1,-2,-16,-1,-8
1,3,-6,-7,-8,-5,-12,-1
-4,-3,7,11,18,27,9,3
1,-1,-2,4,1,5,-2,0
1,3,1,-10,-9,-52,-5,-1
-4,-2,-3,4,0,-6,8,-1
0,1,0,9,-2,-6,-15,-7
-6,-4,-2,-10,-3,14,2,-4
4,6,6,16,12,35,9,6
-2,-5,-4,-10,7,8,0,-1
4,4,1,4,-8,-26,1,-1
-2,1,6,10,9,25,4,3
1,0,0,6,3,-30,-2,-1
-3,-3,-1,-6,-8,-11,-9,-7
-3,-5,-11,-12,-5,26,10,3
4,3,1,-1,6,4,7,5
-2,0,3,9,-4,-22,-11,-5
4,3,-7,-12,-2,7,0,2
-1,2,11,7,13,2,4,1
0,2,4,14,-1,-7,-5,-5
1,-3,-4,-9,6,40,14,8
1,-1,2,10,1,11,6,5
-3,-3,-5,-10,-11,-20,-6,-3
1,3,-2,-5,-6,-8,-5,-4
-2,-1,2,0,4,19,-2,2
-1,-4,-7,2,-6,-24,-13,-6
-3,-3,-8,8,13,29,5,-4
1,-3,8,-2,-3,15,-5,2
0,2,-6,-15,-13,-5,-17,-7
-4,-7,-12,-13,1,-15,7,2
1,0,10,30,9,-9,-14,-6
4,5,-7,-2,-10,-12,1,5
-4,0,4,-10,6,58,16,-7
1,7,8,-8,-11,-65,-32,-4
5,-5,1,2,12,-25,13,15
-4,0,7,25,8,22,-2,-10
10,4,-4,-1,-7,-46,-3,15
0,1,-2,-10,1,44,12,-5
-4,-4,-3,12,-12,-31,2,-7
4,-3,-5,-15,2,26,16,14
-4,-5,-4,3,2,-5,5,-5
-4,3,13,20,14,39,-9,-7
5,3,-12,-32,-24,-25,-10,3
-8,-10,-3,5,12,3,-1,-6
1,0,-4,-3,-8,-25,-6,-4
-1,-1,4,8,-1,12,10,3
2,2,2,1,9,26,3,2
4,7,2,4,-15,-80,-14,-5
-3,-11,-9,-13,14,54,15,3
2,-3,3,3,-8,-25,-12,0
1,3,-2,-6,-25,-32,-16,-6
-1,-1,-4,-11,-3,7,2,0
3,3,-5,-6,-6,-20,-16,3
1,-7,-8,13,24,41,20,0
1,3,13,8,-10,0,-1,5
-2,-7,-19,-29,-4,5,5,2
-3,-3,4,12,-10,-13,-8,-3
-2,-5,-7,-20,9,51,2,-4
-4,3,10,5,-5,-1,2,-5
-4,-6,-12,5,4,-33,-19,-7
5,1,5,1,6,34,6,13
-2,2,1,-2,-20,-19,1,-5
-1,-4,-3,6,12,9,4,-2
3,5,11,5,2,7,16,10
-6,0,-7,-2,5,9,-2,-10
4,8,20,30,16,6,-4,5
2,4,2,-27,-18,-40,10,11
-6,-6,-3,4,0,-3,-10,-20
-1,-6,7,22,21,38,9,4
2,-3,-26,-47,-56,-73,-17,-1
-2,-3,-1,24,42,68,16,-1
6,8,6,-5,0,-77,-13,8
-12,-9,-6,-11,-28,-33,-16,-15
-1,-9,-4,18,44,53,27,8
-5,0,-7,-47,-58,-57,-42,-10
-1,-4,1,15,11,25,2,-4
4,3,-4,7,13,42,15,5
-5,4,1,0,-20,-28,-16,-5
-5,-11,-8,14,26,35,14,3
-4,-1,3,-4,-7,50,17,2
4,5,-11,-33,-33,-96,-51,-9
-6,-5,-2,-2,21,56,15,-4
5,2,1,1,16,12,6,9
-7,-4,0,-1,-15,3,-10,-11
1,-3,-7,-28,-24,0,7,8
-1,-4,2,42,12,-43,-10,-7
1,3,6,-10,5,-3,-1,-5
-1,-5,-7,-6,-4,-46,6,2
-9,-2,-2,-3,-28,-33,-20,-22
3,3,5,-1,-4,6,21,15
-2,0,2,12,18,26,1,-2
7,12,19,45,21,-3,19,12
-6,-10,-12,-53,-15,-8,-20,-6
3,1,-4,6,-21,-84,-18,-9
2,3,7,1,1,22,13,4
-3,-7,-5,13,33,82,12,0
2,5,-3,-4,-25,-24,-10,6
-9,-6,-4,-18,12,73,17,-5
3,-2,-20,-43,-52,-77,-32,-1
-3,1,9,25,10,-9,-15,-15
0,-9,-12,-18,10,15,24,7
-4,0,0,8,-2,3,-19,-10
2,5,4,9,14,18,13,2
2,-3,-11,-38,-7,62,-5,8
4,6,12,37,1,-56,-6,-4
0,2,2,3,7,42,7,6
-3,-7,-7,3,1,-39,-6,-4
-4,1,9,-6,13,53,-1,-1
5,2,2,-11,-21,-10,11,8
-4,0,-5,-4,-2,-23,-4,-3
2,-1,9,15,37,100,16,7
2,2,-13,-19,-48,-110,-19,-1
-1,0,7,16,31,40,18,2
-1,1,5,-3,-7,-25,-2,-1
-1,-3,1,21,27,67,16,0
1,5,14,35,22,36,6,6
-1,3,-6,-47,-33,-36,-7,-5
2,-9,-13,-18,-9,-30,5,2
2,0,-5,0,20,-1,-4,7
-6,-3,-7,-8,-31,-59,-3,-12
3,-3,-1,28,50,28,11,11
-1,0,-9,-27,-44,-17,-28,-9
-3,-3,-9,-17,-7,20,-11,-4
1,-7,-14,-12,-13,-65,13,5
-11,4,23,41,41,41,25,-7
7,3,3,-16,-9,-19,-10,8
-7,-4,-3,38,15,5,-8,-16
3,2,-3,-29,-11,-46,-9,11
-10,-6,0,21,1,3,0,-18
7,6,17,29,27,56,31,13
-2,1,3,12,-21,-14,-24,-1
4,1,7,1,13,22,33,6
-2,0,-11,-19,-12,-17,-30,-11
-9,-16,-24,-31,7,16,2,-6
5,3,2,18,-13,-42,-5,3
-11,-6,-5,-14,5,20,-8,-12
9,6,7,12,-8,0,8,7
-15,-15,-24,-55,-46,-16,-13,-13
5,9,20,11,40,16,0,10
0,3,1,2,-30,16,2,-3
-4,-6,4,38,23,-56,-13,2
2,11,-5,-8,-29,-14,-26,-19
-21,-22,-20,-55,-31,-25,1,-16
6,-3,-1,6,2,4,-13,0
0,1,6,30,16,13,8,7
8,10,17,37,35,41,19,8
-2,-1,-6,-12,-20,-38,-8,2
-5,-4,-9,-4,-7,-3,-19,-13
5,-5,3,-11,11,66,36,22
-6,-5,-7,-2,-14,-75,-26,-17
2,6,9,19,-4,8,18,-2
-2,-5,3,7,46,72,4,7
1,2,-4,-14,-36,-9,-7,-6
-1,-1,9,20,16,28,10,7
3,2,-3,-28,-15,-6,-8,-1
-4,-2,8,29,17,10,3,-5
4,2,-8,-11,-16,-30,-5,3
2,-1,0,-7,-3,-8,-12,-1
2,2,9,31,8,-28,-1,-1
3,3,1,-5,2,-5,9,11
4,5,14,39,50,59,29,16
-9,-8,-31,-82,-69,-92,-44,-26
3,-4,4,5,32,64,39,7
2,0,-11,-20,-33,-34,-19,-3
-2,-3,3,0,34,71,8,3
10,12,16,32,5,-6,22,19
-9,-9,-11,4,-7,-27,-10,-14
-5,-5,-1,-18,5,35,-1,-9
2,1,-3,-3,-22,-9,-8,-3
9,-1,16,57,49,8,34,26
-4,-3,-21,-52,-73,-59,-42,-30
2,-4,5,13,11,-70,5,14
-7,-7,-10,-20,-9,8,2,-13
7,13,22,32,7,8,8,11
4,3,-1,-6,15,27,10,9
-3,-2,5,16,36,71,16,-3
-6,-8,-27,-47,-49,-15,-20,-13
2,3,12,30,23,-28,11,9
-6,2,5,2,-4,40,10,-9
4,-1,-7,-15,-29,-40,-24,-1
-1,3,5,-3,-17,-27,-16,-9
0,-4,6,14,41,97,28,6
-4,-3,-7,-2,-28,-94,-31,-6
8,6,1,-10,-3,8,13,5
-11,-5,-3,-2,-8,-53,-30,-12
0,-5,-16,-5,-2,-15,0,2
0,-3,7,16,12,43,12,4
4,8,6,12,-12,-7,2,8
-9,-4,-8,-28,-18,-19,-19,-17
-5,-3,-7,-21,-1,21,0,-11
9,7,22,40,46,43,25,26
-13,-9,-27,-45,-39,-33,-21,-27
9,10,20,56,15,-1,1,9
-13,-15,-21,-48,-17,-18,2,-10
3,2,14,24,67,94,30,16
-1,-4,-15,-14,-61,-68,-36,-16
5,6,14,13,21,17,16,4
-10,-7,-3,3,1,17,-2,1
3,-2,-5,3,11,16,0,1
0,1,4,16,-11,-16,-3,3
-4,-2,13,24,21,-43,20,11
-6,-4,-30,-57,-59,-41,-60,-37
5,-1,-6,-41,-11,-5,15,16
-9,-9,-4,-4,14,-21,-7,-11
4,2,7,36,43,52,21,5
8,9,20,31,-14,-89,20,23
-18,-10,-25,-49,-39,-105,-43,-42
0,3,9,10,19,53,13,10
4,-2,-8,-18,20,55,1,7
0,-1,7,15,-14,5,-3,4
-2,-8,-28,-59,-54,-55,-25,-16
3,4,17,32,40,-11,23,14
-7,-9,-17,-42,-17,27,-2,-15
0,0,3,11,24,21,-3,8
1,0,12,60,53,25,21,7
-6,1,-10,-46,-51,-10,-30,-16
7,7,9,-1,2,-9,8,5
-1,-3,-2,-2,12,18,12,7
1,0,-13,-37,-34,-31,-20,5
-9,-5,-3,4,28,20,-3,-12
12,3,0,0,-26,-61,11,20
-5,1,7,9,33,92,-1,-18
9,9,8,11,-24,-51,-5,9
3,1,5,18,10,47,12,5
4,-2,-13,-37,-25,-67,-24,-4
-2,3,8,7,26,31,1,-2
7,6,15,44,16,36,25,8
-3,-7,-16,-39,-16,-2,16,5
-6,-3,-2,13,5,26,-44,-15
12,7,7,3,10,33,6,13
-6,5,0,-3,-28,-41,-15,-16
-1,-3,4,26,35,70,4,-1
1,-3,-9,-28,-33,-35,4,5
-4,-7,-14,-33,-12,-23,-1,-4
-8,-5,-1,1,-3,-9,-14,-12
5,3,3,5,11,16,7,5
-4,-5,-6,-1,14,49,5,7
2,6,5,23,-20,-63,-32,-16
-5,-9,-5,-8,-2,31,25,4
6,7,15,46,8,-22,1,7
-12,-9,-18,-59,-21,10,0,-7
0,-3,0,2,-3,-59,11,1
-3,2,-1,-3,18,39,-17,-10
5,2,5,5,-6,-20,7,7
2,3,3,24,13,-27,0,8
-4,-4,3,12,24,15,12,-3
-2,-6,-6,-20,-29,-18,-28,-7
0,-2,-6,-14,0,17,15,4
2,3,3,4,-5,-21,7,0
-10,-12,-8,3,21,24,-6,-10
14,10,17,56,11,-68,26,24
-12,-10,-18,-46,-29,-55,-33,-27
-5,-9,-10,-36,6,59,21,0
1,-2,-1,-18,-20,9,-1,7
3,10,5,21,33,82,8,4
4,-2,-2,-6,-28,-56,-22,2
-5,-3,9,44,48,12,8,-7
-5,0,-8,-25,-52,-16,-29,-19
-2,-6,-6,-11,7,42,2,-1
-3,1,5,19,13,41,18,9
9,12,8,20,-6,-10,-12,5
-5,3,6,-5,-4,-1,-1,3
-6,-12,-11,-11,7,-37,-16,-12
8,8,4,10,41,64,10,7
-21,-12,-4,4,-57,-24,-22,-25
6,8,17,66,47,61,22,10
9,8,-4,-43,-16,-16,-2,6
-8,-11,-5,-16,9,26,14,5
5,2,0,10,17,22,7,-1
8,8,-1,-2,-24,-75,-12,9
-9,-7,2,26,21,39,-2,-11
5,2,-5,-27,-16,1,5,1
4,5,8,11,2,-14,-20,-3
-2,-9,-10,0,0,-23,1,4
-6,-4,-7,-46,-21,-9,8,-3
0,2,6,26,1,-42,-19,-4
3,-4,-11,-8,-4,10,2,3
9,9,12,-8,25,32,20,8
-7,-11,-7,19,3,10,1,0
4,4,2,3,-19,-42,-11,1
-6,-5,-6,6,18,22,-3,-7
2,2,0,-8,-5,-5,-2,4
0,1,1,0,-14,-5,2,-2
-1,0,-2,-5,0,7,-8,-5
1,0,10,23,7,3,12,6
-4,-4,-13,-34,-18,13,-6,-3
3,1,-1,-3,-14,-21,-6,0
-2,-1,2,12,19,22,3,-1
3,-1,-6,-32,-21,-41,7,3
-5,-4,-4,6,1,-12,-5,-8
-4,-2,2,3,14,30,5,5
-1,1,1,12,-1,-14,1,-5
-4,-4,-8,-28,-11,3,-7,-3
0,-2,1,5,-1,8,2,-1
3,0,1,11,7,0,8,3
-4,-1,4,7,8,4,-13,-6
0,0,-1,1,-8,-5,18,0
-1,0,-3,-7,-7,4,-3,-2
2,-2,-3,-3,-7,0,-6,-3
0,0,-6,-12,-17,-17,-6,1
2,1,4,7,8,29,5,2
0,-2,-6,-6,-11,-18,-10,-3
0,-1,2,4,3,-4,-2,1
-3,-2,-1,0,-3,-8,-1,-1
1,0,-5,-16,-3,-2,-4,1
1,-1,3,12,11,11,6,-1
0,5,0,-6,-6,-7,-4,2
1,-1,-2,-1,2,2,2,1
0,-1,7,17,6,2,-1,-1
1,-1,-1,1,2,1,1,1
0,-1,-1,-20,-3,0,-3,-1
-2,-3,-8,-12,-5,-7,2,-1
0,-1,3,11,5,-4,-3,-2
-2,-1,0,1,1,3,2,0
-2,-2,2,7,2,-2,-1,-1
-2,-1,-3,-5,-8,-3,0,-3
-2,1,-3,0,-1,1,-7,0
0,-3,0,0,0,6,7,2
-3,1,-4,0,-2,-2,-1,1
-1,0,2,-6,-10,-5,-5,-2
1,0,-1,-2,-3,-4,-2,0
-1,0,-2,-3,1,5,1,1
0,0,0,1,-2,0,1,0
1,-2,-2,-5,-2,-1,2,1
0,2,1,5,2,0,-3,-2
-1,-2,0,-2,-4,3,1,0
0,-2,-1,-4,-2,-3,1,-2
-2,-1,2,5,1,1,1,-1
-1,1,-3,-4,-9,-1,-3,0
0,-3,-1,7,5,0,-1,-2
2,1,-4,-7,-4,2,-1,-1
1,0,-4,3,-1,0,1,-1
-2,0,4,4,1,-2,1,0
-1,-1,-4,-14,-8,0,1,0
1,-2,1,10,2,-1,0,-2
0,-1,-4,-3,-1,-1,-4,2
2,3,2,5,4,1,1,0
0,-1,3,5,2,-1,0,-2
-1,0,-2,2,1,0,0,-1
0,-3,-3,-17,-8,-2,1,0
-1,-2,-1,6,3,1,1,1
2,1,2,-1,4,0,-1,2
2,1,0,-15,-7,0,-1,0
-4,-3,-1,1,4,3,-1,-4
0,-2,-3,1,-3,0,0,1
5,3,-4,-8,-3,-3,3,1
-1,1,1,7,1,-1,-1,2
-7,-2,-1,-1,3,0,-2,-4
3,2,4,8,6,0,-3,0
-20,-15,-16,-37,-24,-1,-6,-4
7,1,1,4,1,-2,1,2
2,2,4,16,3,-3,-1,-1
1,2,2,-3,7,4,-2,-2
0,-1,-6,-7,-6,0,-3,4
6,1,3,8,2,-1,6,2
-4,-5,-10,-21,-13,-5,-8,-1
-10,-3,4,21,9,1,2,-7
3,1,2,9,4,2,0,0
-7,-3,1,12,1,-4,-6,-5
9,2,0,-19,-2,1,5,4
17,6,6,0,1,-4,4,5
-12,-5,-12,-6,-9,-1,-6,-3
-8,-9,-14,-35,-28,-2,-1,-7
-4,1,8,38,13,-1,0,-8
-10,-10,-15,-34,-9,-1,-6,-4
11,6,10,17,13,-2,6,-2
6,9,13,32,24,-2,-2,4
-4,-6,-12,-26,-21,-2,2,5
-4,-9,-15,-47,-22,-9,-18,-7
-3,-2,3,7,5,0,6,0
-5,-3,1,5,5,2,-6,-1
0,3,8,12,10,2,3,-1
3,1,0,16,0,-4,1,6
5,3,1,2,2,-1,1,-3
-9,-7,-6,-27,-12,-3,0,-3
-2,1,-4,2,2,4,-5,-4
1,-2,-3,-8,-11,-2,2,1
-2,1,3,12,5,-1,-4,-4
5,4,5,10,11,3,4,0
4,-3,-1,-2,0,-2,-1,2
-4,2,7,38,12,2,1,-4
0,-4,-11,-37,-17,-1,-2,2
-1,-1,0,0,4,-2,-2,-3
-2,-2,5,9,5,-1,0,-2
-2,-1,-3,0,-3,2,3,1
1,2,8,19,7,0,1,1
-3,-1,-1,13,2,-1,-1,1
-2,-1,-6,-12,-4,1,-2,-1
-2,-1,2,0,1,-1,0,-4
1,0,0,-4,-2,0,0,2
0,-2,-9,-11,-3,1,-4,-2
1,1,2,14,3,0,1,0
2,2,0,-7,1,0,2,0
-6,-2,-2,-2,7,1,-2,-5
-2,-2,-6,-7,-13,-2,0,-1
2,-2,1,5,1,-2,-5,0
-3,-1,-2,-2,1,1,5,1
0,4,7,32,13,2,-1,-3
1,-2,-7,-58,-26,-4,-3,1
-2,-1,-8,1,2,5,10,-1
2,1,1,-9,-7,-3,-8,-1
-2,1,1,14,1,2,5,2
0,-2,-2,11,-2,-2,-3,0
1,-2,-4,-13,-3,-3,-1,-1
4,0,-5,-16,-7,0,0,3
0,1,5,10,0,-5,-6,-2
-1,-1,1,3,-2,0,3,-3
1,-3,-3,-11,0,0,-5,-2
0,-2,-3,-8,0,5,2,3
2,0,1,13,4,-2,-3,1
0,1,2,12,9,6,7,5
1,1,3,-11,-5,-5,0,-1
0,-1,-6,4,-1,3,-5,0
1,-1,-5,-21,-9,2,3,-1
-2,0,0,1,-3,0,-2,-2
1,0,2,7,3,1,2,2
-1,0,6,17,10,-1,-3,-3
-1,-2,-1,5,-7,-2,1,-1
2,0,-3,-5,3,3,-1,1
-3,-2,1,-11,-8,-1,0,-3
-5,-1,-1,9,2,-2,0,-4
0,-1,2,4,15,0,2,0
2,0,-1,1,-4,-2,-5,1
-1,1,-1,7,-3,1,-4,-1
-1,0,1,-2,-2,-3,3,-1
1,-2,-1,-5,-4,-1,2,0
-1,0,1,13,3,-1,3,2
-3,-2,-11,-26,-9,-5,-7,-6
0,0,2,15,5,2,-1,0
0,-2,-7,-5,-12,-4,-6,0
-1,0,0,-4,6,-1,-2,-3
-2,1,3,7,2,-3,-2,1
-2,-4,-8,-17,-10,-6,-1,-4
0,-1,-4,-2,4,1,0,-1
1,0,1,-23,-7,0,-2,-1
-4,0,0,13,6,1,0,-1
0,-2,0,2,-1,-1,1,-1
-1,-2,0,-11,-1,1,-2,1
-3,0,6,40,16,0,0,-2
1,-1,-4,-8,-6,-3,0,-1
-4,-3,-3,-9,-2,-4,0,-3
1,0,-3,-5,-2,-4,-1,0
-1,0,2,3,4,-1,1,0
1,-2,0,12,3,-1,0,2
-1,-1,1,11,2,1,-2,1
0,0,4,13,8,-2,1,0
0,0,-6,-35,-22,-3,-3,0
-1,-4,-2,8,4,0,0,0
-1,2,2,-2,5,-2,2,0
2,1,-1,-1,-1,0,-2,-1
-1,0,4,25,8,0,-1,0
-3,-2,2,4,5,-2,0,-1
0,0,-4,-21,-14,1,3,3
-2,-1,1,14,10,2,-4,-2
-3,-1,-3,-5,0,0,1,0
2,3,12,43,9,-4,4,-3
-6,-8,-17,-56,-16,-4,-4,-5
-4,-2,2,5,2,4,-2,-1
0,-1,-2,1,-1,-1,-3,-2
4,2,5,20,12,3,3,2
3,4,5,16,-9,-5,-2,0
-2,-1,-7,-35,-16,0,-1,-2
-3,-4,-4,-3,3,-2,-3,-3
0,-2,-4,-19,-3,1,-1,1
0,2,1,7,4,2,0,0
2,-2,-4,-4,-5,-1,-3,-2
-3,0,3,5,3,-3,-2,-4
1,1,4,13,-1,1,0,0
1,-5,-9,-19,-9,-2,-8,-1
0,1,-3,-15,-11,2,13,5
1,-3,-4,-4,-2,2,-1,0
-2,1,-2,-14,-3,-4,-2,-4
-1,2,5,14,12,4,-2,1
-1,-1,0,-5,-8,-3,-3,0
-1,1,-1,-1,0,0,1,1
-1,-4,-6,-19,-15,-3,-3,-1
-1,0,-2,8,1,6,1,1
-1,-4,-7,-15,-6,-4,-4,-1
0,1,2,10,3,1,0,2
-3,0,1,3,2,1,-2,-5
3,1,2,-8,-3,2,1,1
-3,-2,-2,-11,-1,3,-2,-1
-3,-4,-2,4,-4,0,-1,-1
-1,0,0,4,-1,-1,-2,3
0,0,1,-3,-1,1,-2,1
-2,-5,-8,0,3,-4,-3,-2
1,1,-1,-11,-1,1,1,-2
1,0,-5,-19,-10,0,2,0
0,-2,4,27,11,2,0,-1
-2,-1,0,3,0,2,-2,-2
-1,-2,-5,-14,-12,-1,-4,0
-1,0,0,8,7,-2,3,0
-1,-1,-1,-14,-4,-3,0,-4
0,0,1,1,1,0,0,-2
-1,1,-2,5,1,-4,-2,-1
-1,-1,-1,-9,0,5,2,2
-3,-2,7,37,16,1,0,-1
3,3,-5,-21,-12,-3,2,2
-2,-3,-1,-8,-2,-3,1,-4
0,1,-2,-10,-6,-1,-2,0
1,-1,0,1,1,-1,-1,0
0,2,3,19,3,2,-1,-1
0,1,-1,4,2,0,1,-4
0,-2,-3,0,-2,-3,-2,-2
-3,0,-2,-18,-10,-4,0,-2
2,-1,0,7,-1,0,-3,1
0,1,-3,-17,0,1,0,3
-3,-2,-1,1,1,-1,0,-4
0,2,3,8,3,-2,4,-1
1,1,4,13,3,-2,-1,-2
-3,-3,-6,-15,2,-1,-1,-3
1,-3,-7,-22,-11,1,-1,0
1,0,-1,7,0,-3,0,0
0,-1,-1,1,-1,2,0,-3
-1,-1,4,16,4,-4,-2,-1
0,0,0,-3,3,-1,-2,1
-2,-2,-3,-14,-5,-2,-1,0
1,-2,2,10,-5,-1,-1,-1
1,-2,0,4,-4,0,3,0
-1,0,-3,-3,4,0,-2,0
-2,-1,1,7,0,-2,-1,-2
-2,-1,0,-12,1,1,-2,-2
-4,-4,0,3,4,0,-4,-1
3,0,-2,-1,-13,0,-2,1
-2,-1,-3,0,4,2,1,-2
-2,1,-1,-4,0,-1,-1,0
1,-1,-1,6,-5,2,0,0
0,-1,0,-6,3,-2,0,-1
1,0,-2,-1,-5,-1,-2,-1
-2,-2,0,0,1,-2,0,0
1,-1,-1,9,1,-3,-2,2
1,1,-1,-2,-4,1,-1,0
2,0,-3,-25,-1,-2,0,-2
-4,0,-2,-13,-5,-1,3,1
0,1,2,10,7,1,-1,-3
-1,-3,-2,1,-2,-1,-1,0
-1,1,1,15,3,2,0,0
0,1,5,2,5,-1,-3,-2
-3,-7,-14,-26,-16,0,-3,-1
-1,-2,-1,-13,-8,0,2,1
0,1,2,6,1,0,-1,-1
-2,0,-1,11,4,-3,0,-2
0,2,1,-18,-5,-1,0,-2
0,0,2,9,8,1,0,2
-2,-3,-5,-6,-9,1,-1,2
-2,-1,-2,-2,2,2,2,1
2,0,0,8,-1,1,-3,2
0,0,1,13,2,-1,-1,-3
2,-1,-4,-34,-9,2,0,2
-1,0,-1,3,-6,0,-1,-1
0,0,4,2,1,-3,3,-1
0,-1,1,12,1,1,1,-1
0,0,-3,0,-1,-1,-3,1
-1,0,-2,-1,-1,1,-1,-1
-1,1,2,8,0,0,0,0
-1,1,-2,-18,-5,-1,-2,-3
-2,-1,6,17,6,-4,0,-1
0,0,-1,6,4,5,0,2
-2,-1,-3,1,5,-3,-1,-2
0,0,0,-4,-1,0,-1,1
-3,-1,0,1,-1,2,2,-3
1,2,2,11,5,-2,0,-1
-1,1,4,21,2,-3,0,-2
-1,-4,-9,-29,-10,-2,-4,0
-1,-2,-3,3,6,1,-2,-4
2,-1,0,-10,-6,-1,-2,2
-2,1,4,25,4,2,0,0
-1,1,3,6,3,-2,0,-1
1,0,-4,-7,-4,-3,-2,0
0,-3,-4,-2,-1,-1,-1,-1
-3,-2,-3,-14,-3,-2,-1,0
-1,-1,-1,0,0,-1,0,0
-1,-1,2,2,1,-2,1,-1
-1,-2,-2,-7,-5,1,-2,0
2,-1,2,-3,0,1,1,-2
1,-1,0,9,0,-3,-2,-1
-2,-3,0,1,0,-3,-1,-2
1,0,0,1,1,-3,0,-2
-1,0,-1,-8,-2,-1,1,1
-2,1,2,16,5,4,1,0
0,3,-1,0,-2,-1,0,-2
1,-2,0,17,4,-2,-4,0
0,-2,-5,-17,1,-2,0,-4
1,-3,-2,-18,-3,-1,0,-1
0,-1,1,15,-1,-4,-2,0
-2,1,-3,-12,-4,0,-1,-1
-2,0,2,6,1,-1,-1,0
-4,-2,-2,-1,-1,-2,1,-4
-1,-5,-6,-9,-7,-2,-2,-3
2,0,-2,-2,3,-2,4,-1
-1,0,2,2,-3,0,0,-2
-3,2,2,8,3,0,1,-1
0,0,1,-3,-2,-1,-1,1
-1,-2,-2,-6,-5,-1,-3,0
-1,-2,-5,-10,-4,-2,-1,3
1,-2,-1,6,1,0,0,-3
0,0,2,5,4,3,2,1
0,-2,0,-7,-4,2,-1,0
1,-1,-2,-13,-5,-4,1,-1
0,0,-3,-2,-1,2,0,1
1,0,0,7,3,2,2,0
-3,-2,-2,-2,0,1,0,-4
1,2,4,9,3,0,-3,1
-2,-1,-4,-11,-3,-2,-2,-4
-3,0,-1,1,-1,1,-2,0
0,0,3,13,1,1,1,-1
-1,-2,-4,3,1,2,-3,-1
0,0,0,-10,-6,-3,-2,-2
0,-2,0,1,-2,2,-2,1
-3,-1,1,2,1,1,2,0
-1,-1,-1,0,-1,-3,0,0
-1,-1,-1,0,-1,-2,-2,0
-1,1,-1,-1,-3,3,1,2
0,0,2,4,5,-1,-1,-1
0,-1,-3,-5,-5,2,0,1
0,1,2,3,4,0,2,0
0,0,-4,5,0,-1,0,1
1,2,1,13,2,-1,0,0
-1,-1,-8,-25,-7,1,-2,-1
-3,-1,5,18,5,0,-1,-2
-1,-1,-5,-8,-1,0,-3,-2
2,-3,-3,-6,-2,1,-1,0
-1,1,2,8,3,0,-2,-1
-4,-3,1,-9,-4,1,-1,1
1,-3,-5,-12,-7,-1,-3,-2
0,0,0,0,-5,-2,-1,1
0,1,2,20,9,-2,-1,-2
-1,-3,-11,-40,-20,0,0,1
0,1,4,16,2,-2,0,-2
1,-1,-7,-28,-8,-2,-1,-1
-2,-2,1,9,1,0,0,-3
2,0,1,7,5,0,-1,1
0,1,0,-3,1,-2,1,-2
-1,-4,-1,5,-1,-1,0,0
-3,-1,-1,-13,-8,-1,1,-1
1,-1,-2,9,1,-1,1,0
0,1,1,-2,-2,-2,2,0
-2,1,3,3,4,0,-2,0
-2,-2,0,-3,0,1,0,0
0,0,1,24,9,1,0,1
1,-1,-2,-21,-11,-1,-2,1
-2,-1,-3,-8,4,0,-2,-1
-1,-1,1,-5,0,-1,-1,0
1,0,2,20,6,0,1,1
-3,-3,-6,-5,-4,-2,0,-4
1,1,-8,-25,-10,-2,-2,-1
1,-3,-4,-5,-3,-4,-1,1
-1,0,0,-2,1,-3,-2,-3
-3,-1,1,9,5,3,-1,1
-1,0,2,8,1,0,-3,1
1,1,1,9,5,1,-1,0
-1,-2,-6,-28,-15,-1,0,0
-3,-1,2,13,3,-2,0,0
-1,-3,-9,-28,-13,-4,-3,-1
-1,0,1,5,7,3,2,-2
-1,-1,3,9,2,-5,0,0
1,1,1,6,5,-2,-1,0
-2,1,4,14,1,1,-1,0
-2,-3,-5,-21,-8,-3,-1,-4
-1,-1,-1,7,3,-1,-1,-1
-2,0,-1,-1,-2,0,-2,1
1,0,1,14,3,-1,1,-2
0,0,-2,-1,-4,0,-1,1
0,0,1,0,-1,-3,-1,-4
-3,-2,-2,-13,-1,-3,0,1
-1,0,2,15,3,2,-1,-2
0,1,-1,-10,-8,1,0,0
-4,-2,-3,-12,-5,0,-2,-4
0,-2,0,2,2,1,0,-2
-2,-3,0,0,1,0,1,0
0,0,3,4,-1,1,1,-2
-1,0,2,12,6,-2,-1,-2
0,2,-3,-3,-5,3,2,2
1,0,-1,-12,0,-1,1,-2
-2,-3,-1,-2,-7,-3,0,-3
3,-2,-2,4,-1,2,-1,2
1,0,0,-2,-3,-4,-2,-2
-2,-2,-1,-1,1,-1,-1,-1
0,0,-1,5,2,-1,-1,1
-1,0,1,-10,-2,2,1,-2
0,-3,-2,-9,-6,0,-2,0
-2,-2,-2,-1,-2,-1,-1,2
0,-1,-2,2,2,0,-2,-2
-2,2,1,9,1,0,1,0
3,-1,-1,3,4,2,0,1
-1,1,-1,-1,0,-1,-1,-4
-2,-1,2,4,3,0,-2,0
-2,-4,-9,-22,-13,-6,-2,1
0,0,-3,-9,-5,-1,-1,-2
-3,-1,1,5,0,-2,0,-1
1,1,-1,-1,1,-2,-1,-1
-1,1,1,4,1,0,-2,3
-2,0,2,8,3,1,-3,-1
-1,-3,-7,-25,-8,0,-1,0
3,-2,-2,5,-3,-3,-1,1
2,0,2,7,2,-1,-1,-1
-1,0,-4,-13,-1,-2,1,-2
0,-2,0,6,5,0,-1,-2
0,-2,2,0,-4,1,0,0
0,-1,1,-3,1,0,-1,-4
-2,-4,-2,5,2,1,0,-3
0,2,5,9,-1,-1,1,-1
-1,-1,-5,-4,3,0,-1,1
-1,1,1,-3,-3,-1,0,1
-2,0,4,10,3,0,-2,-1
1,-2,-1,7,0,-2,0,0
1,-1,-3,-7,-5,-3,-1,1
1,0,-2,7,3,0,1,0
-3,-1,1,2,0,-1,0,0
-1,-2,0,1,0,2,-2,-5
1,1,4,16,6,1,0,2
-1,-1,-5,-27,-8,-1,-1,-2
3,0,0,1,0,-1,2,1
-3,2,3,8,4,1,2,-1
1,-2,1,7,3,-2,0,-1
0,2,4,-2,-5,-3,-3,2
-1,-1,-2,-4,-3,3,-1,-1
-2,2,0,-5,-1,-1,0,-3
2,-1,0,-4,-5,5,-1,-1
0,-1,-2,9,4,2,-2,0
-3,0,0,-5,-3,-2,-1,2
0,0,-2,-3,1,-4,1,0
-2,0,0,6,3,-1,-1,-1
0,-2,2,11,4,-1,1,-1
-1,-2,-5,4,-2,0,-2,0
-2,-1,-1,-1,1,2,-2,-2
-1,-1,-8,-30,-12,-1,-1,-2
0,1,2,13,5,0,0,0
1,-1,2,3,3,-5,-1,-2
-2,-2,-2,3,0,-4,-2,0
-4,-2,0,2,0,-1,2,0
1,-1,-4,-9,-7,-2,-1,-3
0,-1,-1,1,-1,-1,0,0
1,-1,-2,-6,-4,2,-2,1
-3,-1,0,6,2,-4,-1,-3
0,0,0,1,-4,-2,-1,-2
-2,0,1,4,2,0,-2,-3
2,3,2,8,1,-1,1,-2
-5,-5,-6,-7,-3,-2,-4,-3
-2,0,0,-6,0,-1,-2,0
-1,-2,-3,1,-3,-1,-3,1
0,0,2,-2,2,0,0,-4
-1,1,1,4,2,-1,1,-1
-1,-3,-4,1,0,-1,1,-1
-2,0,0,12,3,0,-1,-2
2,-3,-4,-19,-7,1,0,-1
-1,1,2,-5,1,-3,3,1
-1,-2,-2,15,0,0,-4,1
-1,0,0,-5,1,1,0,-4
0,-3,1,9,2,-2,0,0
0,3,1,-6,-2,4,2,0
-2,0,-1,2,2,0,2,-2
0,1,-1,-2,1,-2,-1,-1
-1,-3,-4,-1,-4,1,-2,-2
0,-2,2,4,2,0,2,-1
-2,-2,2,2,1,0,-2,1
0,-3,-7,-10,-10,-1,-2,-1
-1,0,0,-7,-1,-2,0,0
0,-1,-2,5,0,-2,-1,-2
-1,0,-1,6,-1,-1,-3,-2
0,-1,0,-10,2,3,1,0
-3,-1,-4,-5,-4,-3,-2,0
1,-3,-3,-3,-1,2,-3,1
-2,0,0,-3,3,2,2,0
-2,2,1,3,0,1,-3,-2
-2,-1,3,20,4,-2,0,1
-1,-3,-9,-29,-8,2,-3,-2
3,2,0,-2,-3,-3,0,2
-4,-2,0,-2,-2,0,2,-2
-1,-2,-6,-17,-4,2,1,2
0,-1,4,18,4,-2,-1,-3
1,-1,-5,-16,-10,0,-1,-2
1,-1,1,6,6,1,-1,0
1,0,2,6,1,0,1,2
1,0,2,-1,-1,1,0,0
-1,-1,0,9,4,1,2,2
0,0,1,2,-1,0,2,1
-1,-1,-5,-10,-2,-1,1,-3
-2,3,2,7,0,0,0,1
1,1,3,8,3,2,3,-2
-1,-2,-4,-3,-2,-3,-3,-2
-1,-1,-2,-17,-8,1,-1,-3
-1,0,-3,1,2,-1,0,2
-1,-3,-1,-2,0,-2,-3,-2
1,0,0,-6,-5,-1,0,2
4,0,-1,1,-2,1,-2,2
-2,-1,-2,3,-6,-2,-3,0
0,-1,-1,-7,-1,2,-1,0
1,1,1,14,5,-2,0,-1
-1,-1,-1,4,5,-2,1,-2
0,1,-4,-7,-6,0,-2,4
-2,0,-1,1,0,2,1,1
-1,0,2,2,3,-1,0,-1
3,-1,2,14,1,-1,-1,0
1,-1,-4,-16,-6,-3,0,-1
-2,-1,-2,7,5,-1,-1,0
-1,-1,-3,-12,-5,-3,-1,0
-2,-2,1,0,-2,0,-4,1
0,-1,0,4,2,-2,0,-4
1,-1,-2,-3,-3,1,-1,1
0,-3,-2,-5,1,2,-1,1
-1,0,2,-1,0,-5,2,-4
-4,0,0,4,2,1,0,1
2,1,1,4,2,-2,-1,-1
-2,0,1,0,-5,0,-2,0
-2,-2,-5,-2,-1,-1,0,-1
1,0,-2,-11,0,-2,-2,0
-2,-2,2,12,8,-3,-2,-4
2,-3,-4,-17,-10,-5,-3,-1
-5,-4,-5,-9,-5,-1,-2,0
-1,0,2,9,2,0,1,-2
-2,2,-1,-13,-1,0,1,0
-2,1,1,9,0,0,1,-3
-1,-1,-3,-10,0,1,0,-5
-2,-2,-1,12,2,-1,1,-1
-3,-1,-4,-1,-10,0,-1,-3
0,3,-2,-9,-1,-3,-2,-1
1,0,-1,-10,-4,-2,-1,1
0,-1,3,11,4,-1,0,-3
-2,-3,0,0,0,-2,0,0
-1,-1,1,11,6,0,1,-5
0,-3,-4,-15,-13,-3,-2,2
-1,0,0,2,0,0,-2,-1
0,-1,-3,-12,-3,1,-2,0
-2,0,0,5,4,3,-2,-1
2,2,-1,2,1,-3,0,1
1,-2,2,6,1,2,2,1
1,-2,-3,-6,0,-1,2,0
-1,-1,2,7,5,0,2,1
1,0,3,-1,0,0,-1,-2
2,-2,-3,3,-3,1,-1,2
-1,0,-2,-14,-9,0,-3,2
-1,0,-1,-5,-1,-3,-1,-3
-2,-2,-1,13,6,3,-2,-2
-3,0,-1,-11,-1,-2,0,-2
-1,0,-2,4,-5,-2,1,-1
1,-5,-4,-8,-3,-1,-3,1
0,2,8,26,11,0,0,0
-4,-2,-5,-24,-8,0,-2,-3
2,0,0,2,5,0,2,-1
-1,1,-1,3,-1,0,1,2
-3,-1,-2,8,8,1,-1,-1
2,1,-2,-2,-6,-1,-1,1
-4,0,1,2,-3,-1,-1,-3
0,-2,-3,1,-1,2,1,2
2,0,0,-11,-4,-2,-2,-1
1,0,0,-2,-3,-2,-2,0
-4,-3,-5,-11,-4,-1,-2,-4
0,0,1,4,-1,0,0,0
-3,0,-1,5,0,-2,2,1
1,1,2,10,7,-1,-1,0
1,0,0,-8,-4,0,0,0
-3,-3,-1,-7,2,-2,-1,-3
